ID,Place Name,Neighborhood,Latitude,Longitude
ChIJ0aLCXOKAhYARnkIxkq50yr4,Pantry,,37.8098207,-122.4162012
ChIJVzS3LbCAhYAR6Dw2KqlhWhg,The Mill,Alamo Square,37.7764861,-122.4378944
ChIJi-rj8qSAhYARO6gNZYH7xTA,Alamo Square Cafe,Alamo Square,37.7760417,-122.4314532
ChIJXVOcv9SBhYAR84QtGtCafxk,Third Wheel Coffee,Alamo Square,37.774779,-122.4363064
ChIJ32gSP6WAhYARLQR3Y9d9a-0,Lady Falcon Coffee Club,Alamo Square,37.7760585,-122.4340881
ChIJa19vTLCAhYAR5Kz2xGEY-GU,Boba Guys NOPA,Alamo Square,37.7774739,-122.4380071
ChIJz15erkqHhYARmOixO6y3mGE,Starbucks,Anza Vista,37.7820104,-122.447021
ChIJ47v1aqN_j4AR8qNFhGunMb0,Project Boba,Apparel City,37.73681889999999,-122.405298
ChIJ31hlDlR-j4ARbjIaRCSl-gY,Silver Crest Donut Shop,Apparel City,37.74233319999999,-122.4061445
ChIJsdEOaVR-j4ARpqg96DqTevc,McDonald's,Apparel City,37.74215,-122.4052028
ChIJScUDqlWHhYARBRj5rNnqNwA,"La Boulangerie de San Francisco, Cole Valley",Ashbury Heights,37.76477809999999,-122.4495144
ChIJs0oPKhp_j4ARFX74kdNHSNY,McDonald's,Bayview,37.72809649999999,-122.3927346
ChIJj38FaIB_j4AR4tks_0p7uBg,Cafe Envy,Bayview,37.7278175,-122.3938554
ChIJh9aDwBl_j4AR_54Nm-1T2Zs,Craftsman and Wolves the Den,Bayview,37.7269444,-122.3913889
ChIJzxe-SMd_j4AR1wLqEvA06sY,bloomstock,Bayview,37.7284622,-122.3940067
ChIJa7Bqsl6dj4ARaap7yMdL0r0,Tallio's Coffee & Tea,Bayview,37.7351877,-122.3908347
ChIJWx5zoEZ_j4ARMihr1xyCwQ0,Butchertown Coffee,Bayview,37.7309358,-122.3918799
ChIJL6OKUgh_j4ARjjPOzOJEpCU,Tiffanys Cafe,Bayview,37.7419497,-122.3873533
ChIJZSP3VAh_j4ARXErDV9SiILM,Starbucks,Bayview,37.74117880000001,-122.3876422
ChIJq6p6Dgl_j4ARv0QqJHn9e6c,powercafe,Bayview,37.74127949999999,-122.3862433
ChIJqyQFH4qAhYAREUEQLjGeVLg,JOE & THE JUICE,Belden Place,37.7917131,-122.4027843
ChIJtZrCUtWBhYAR9NtRzArucoc,Peet's Coffee,Belden Place,37.7912009,-122.4026844
ChIJkdyFPQ-BhYARCy0JBjTZwl8,Superfine Kitchen,Belden Place,37.7915171,-122.4026333
ChIJG4BfvVl-j4ARigns2HVOXOM,Martha & Bros. Coffee Co.,Bernal Heights,37.7390148,-122.4147927
ChIJUf1Cn1l-j4AR_bqDwydE4lU,Moonlight Cafe,Bernal Heights,37.7388553,-122.4152815
ChIJQxZzkUN-j4ARMz_GqIvQJyI,El Rio,Bernal Heights,37.746794,-122.419409
ChIJBUoxEUN-j4ARGkNNrEbTCbg,Jasmine Tea House,Bernal Heights,37.74458569999999,-122.4201717
ChIJ3-On50J-j4ARBDTpQE8KP5Q,Cafe Seventy8,Bernal Heights,37.74411810000001,-122.4217642
ChIJQ70fF0N-j4ARKQYx8wswwws,Aurora Fit,Bernal Heights,37.7446318,-122.420368
ChIJW43NC3N_j4ARgAj6rAoKPrg,CPMC Misson Bernal Cafe,Bernal Heights,37.7479477,-122.4213712
ChIJNeUlcEV-j4AR-7DejKJ0hpY,Charlie's Cafe,Bernal Heights,37.74713199999999,-122.4137475
ChIJ2U4KMvV_j4ARcFqyRnL21mU,Terebinth coffee Roasters,Bernal Heights,37.74217600000001,-122.4158296
ChIJtSmBjEN-j4ARFdrmtjkXs5k,CoffeeShop,Bernal Heights,37.7470161,-122.418717
ChIJk7GB90N-j4ARkcDJMGzuDfo,Sweet Chinito Cafe's,Bernal Heights,37.74791250000001,-122.4186101
ChIJ0ZnTPK-AhYARbVoaoZLrzv8,Sightglass Coffee,Buena Vista,37.7723172,-122.4374877
ChIJE2UhgIiBhYAR6Utjq6k01_k,Beluna Cafe,Buena Vista,37.77283509999999,-122.4389135
ChIJLYydZN94j4ARlCKD8pejGyA,Mangiare SF,Candlestick Point SRA,37.7115835,-122.39229
ChIJiZOlfZeAhYARrh5R3O9F0j4,Peet's Coffee,Cathedral Hill,37.7817464,-122.420921
ChIJy-FXpZWAhYARoKXXDQdme5w,Wok Shop Cafe,Cathedral Hill,37.7871607,-122.421941
ChIJq6pqgJeAhYARkgiso3VQIxE,Max's Opera Cafe,Cathedral Hill,37.7811514,-122.4209627
ChIJ1xaRRh6BhYARaOCjktuDfDw,Van Ness Coffee Café,Cathedral Hill,37.785978,-122.422312
ChIJrxaIsyyBhYARxDhbkCDxvs8,Chuck Williams Cafe,Cathedral Hill,37.7859397,-122.4221856
ChIJqR0GkJWAhYAR8I3vVtR8lKs,Cafe Pacific Plaza,Cathedral Hill,37.7869884,-122.4232228
ChIJPetqUKWBhYARpVdVc0chUNc,Cool Bar,Cathedral Hill,37.7875147,-122.4229549
ChIJmZa_nCWBhYAR-gWlk5ZX0r0,Haraz Coffee House,Cathedral Hill,37.7881056,-122.423438
ChIJx0SD4-2BhYARSnPaf9RPtzY,Pistachio Kitchen,Cathedral Hill,37.7887999,-122.4239103
ChIJddQSox9_j4ARnR3FnKdRCDs,Cafecito latino,Cayuga Terrace,37.7166486,-122.4413636
ChIJKe-AtJ9_j4ARgiqbW8u2rFE,Teazzert Pho You,Cayuga Terrace,37.71679519999999,-122.4414521
ChIJPRBnWB5_j4ARJdX162P3c-Q,Turo Cafe and Grill,Cayuga Terrace,37.72076889999999,-122.4461853
ChIJv9CMk4V-j4ARKR5BObiUHUs,Cumaica Coffee,Cayuga Terrace,37.7226763,-122.4365079
ChIJiYR7iqh_j4ARQopHtGXZO_U,TS cafe,Cayuga Terrace,37.7220549,-122.4371128
ChIJTfb1d_uHhYARRpn5d_Fk1SU,The Coffee Movement,Central Richmond,37.7764721,-122.4778225
ChIJY-jpSaiHhYARFnlyDZj-ISk,The Art Bistro,Central Richmond,37.7818692,-122.4911761
ChIJ3wQbKgWHhYARz326osUqcWw,Bazaar Café,Central Richmond,37.78395859999999,-122.4812377
ChIJ9cCh2gWHhYARlkhcPaOvZS0,Hard Knox Cafe,Central Richmond,37.7821,-122.485748
ChIJz3lPowWHhYARstAS72iRJCE,Ilana Coffee,Central Richmond,37.7822076,-122.4842055
ChIJ4cnLowaHhYAR-Vj7nCfwL6A,Tal-Y-Tara Restaurant (Closed For Renovations),Central Richmond,37.7836984,-122.4868026
ChIJq0z4b7KHhYAR_CsqpB3uysg,Royal Ground Coffee,Central Richmond,37.7822544,-122.4845442
ChIJr0cIUgWHhYAR52foWFmMYLw,Home Coffee Roasters,Central Richmond,37.7823255,-122.4809919
ChIJ37-jlBaHhYAROctv_Ko8xCo,Lou's Cafe,Central Richmond,37.7804028,-122.4732917
ChIJ58LbMhGHhYARB7kt-NQptuE,Peet's Coffee,Central Richmond,37.7802972,-122.475252
ChIJbT0pbGeHhYAR3c1VXfW4abU,Ham & Cheese Deli,Central Richmond,37.78412910000001,-122.4766274
ChIJ06Hh75aHhYARre2ZXOUDzXY,Breadbelly,Central Richmond,37.7827006,-122.474388
ChIJIa9Fgj9_j4AR7jAozJB6d60,Madam Zola's Fortune cafe,Central Waterfront,37.7492774,-122.3856944
ChIJkVsDzbp_j4ARDkybYd0HcWM,Loop Neighborhood Market,Central Waterfront,37.7531547,-122.388358
ChIJE7J9cS5_j4ARdfEePESEPU4,Mission Bay - Little Sweet,Central Waterfront,37.76057889999999,-122.3855883
ChIJH1EQ2dV_j4AR-Y2kwlmdtjk,6 Flavor Coffee,China Basin,37.7777107,-122.3959851
ChIJyZOV136AhYARCzb6eClpr-A,Dartealing Lounge,China Basin,37.7815158,-122.3964186
ChIJOxC4Nn-AhYARI0Fe_s9gAZk,Darwin Cafe,China Basin,37.780602,-122.3961766
ChIJd9Prhrd_j4AR2MagNdJV-m4,Flour & Branch,China Basin,37.78162989999999,-122.3958655
ChIJO4vxa8WBhYARWQYvYu4s6gg,Cafe Buenos Aires SF,China Basin,37.7801842,-122.3946466
ChIJjxG_X8-BhYARfFKHvr6zL-M,Ha Tea,Chinatown,37.79557339999999,-122.4097679
ChIJb7C9zvSAhYAR8jQidOUJr9M,Enjoy Vegetarian,Chinatown,37.7958591,-122.405269
ChIJvRqG4oqAhYARX6hAcvw1Me0,CHAPEL HILL COFFEE CO,Chinatown,37.79424240000001,-122.4042614
ChIJhxjK4oqAhYARYXxEzegg0Ww,Schilling & Co Cafe,Chinatown,37.7940157,-122.4041417
ChIJwQhUWIuAhYARbjviNUYcjS0,Cool Tea Bar,Chinatown,37.7943076,-122.4069376
ChIJMaYZpIuAhYARJKSlQd-Tzr8,Hermanos Coffee + Juice,Chinatown,37.7929223,-122.405241
ChIJwepe04uAhYARnU2zWIw7TzM,Plentea,Chinatown,37.7913914,-122.404346
ChIJG94CX_OAhYAR5CiHP4D_mP0,House of Dim Sum,Chinatown,37.7958746,-122.4072337
ChIJq6o-mvOAhYAReba01Ti8B5s,Vip Coffee & Cake Shop,Chinatown,37.7975019,-122.4080656
ChIJ8YgsQvOAhYAR_JVBv7g_aCE,AA Bakery & Cafe,Chinatown,37.795691,-122.4080348
ChIJtxQurPSAhYAR8RKpbWS2JPI,Sweetheart Cafe,Chinatown,37.7953492,-122.4066162
ChIJF_bSGouAhYARLuv5BtmPb-4,Good Luck Cafe and Deli,Chinatown,37.7938456,-122.4048698
ChIJoXhqG4uAhYAROPJvT0tbNc8,Latte Express,Chinatown,37.7942291,-122.4045396
ChIJtUWhpIyAhYARwL-_gjkFAEs,Cafe New Honolulu,Chinatown,37.7938389,-122.4077132
ChIJt6UCBQCBhYARkK-D35uZpo8,Miss T,Chinatown,37.79466610000001,-122.4046908
ChIJQ57myhqBhYAR2A2lvnu-j4g,Good Fortune,Chinatown,37.7941755,-122.4048896
ChIJBY_VlgKBhYARAttnutNekpg,Yilan Bento,Chinatown,37.7944715,-122.4040078
ChIJsXDc2IuBhYAR9OQjbtzz6Gs,Royaltea USA,Chinatown,37.7937225,-122.404862
ChIJ3TtaFJGBhYAR4kNG_RlSp58,Yu’s Cafe,Chinatown,37.7950224,-122.4059153
ChIJWap_TYuAhYARqR_xKtdcKXE,Maggie's Cafe,Chinatown,37.79492219999999,-122.4062678
ChIJk1ItVYqAhYARzLNTXMwmUK4,Viva Cafe,Chinatown,37.7948332,-122.4033479
ChIJx37an4WBhYARYxkGLmsMk9U,Jinshan Cafe,Chinatown,37.7933387,-122.4058499
ChIJ8ewt24qAhYARa8tl8j-8rOA,"La Boulangerie de San Francisco, Montgomery",Chinatown,37.7952553,-122.4035605
ChIJe1LBsM2BhYARno7YL9mBIw4,Zhu’s Tea,Chinatown,37.79447589999999,-122.4067526
ChIJofm9FEmBhYAR7g2K681B6rE,Soon and Soon Souvenir Shop,Chinatown,37.79376999999999,-122.4064942
ChIJ_8Pi7LCBhYARBAuRpfx6xUs,Red Bay Coffee,Chinatown,37.7929192,-122.405236
ChIJX8bjNReBhYARJ070GjDuLq8,The Dancing Goats,Chinatown,37.7951747,-122.4069846
ChIJuzBUz3eBhYARb3cv_GwIBgQ,Lady Luck Cafe,Chinatown,37.7958128,-122.4064874
ChIJ6154TOaBhYARmbPtUxoeE4o,TiBear,Chinatown,37.7932518,-122.4066108
ChIJJ6nevPSAhYARaA2MbiRuBSU,New Lun Ting Cafe,Chinatown,37.796159,-122.4063153
ChIJo7SnirKBhYARAlLOw0n_s9k,Dim Sum Corner,Chinatown,37.7925771,-122.4060725
ChIJ2xMNyUKBhYAR8Q2HJJTnOYU,By Me Boba Tea,Chinatown,37.7955908,-122.4073351
ChIJ7QcwOq-BhYARSeWoRNwUDGA,Yifang Taiwan Fruit Tea,Chinatown,37.7951026,-122.4076269
ChIJR3tg04uAhYARKvoPCCGPg3I,Foundation Cafe,Chinatown,37.7913003,-122.4043473
ChIJkXXugh2BhYAR2nQNOhnYDmA,Home Coffee Roasters,Chinatown,37.7912579,-122.4058748
ChIJBc2S5hCBhYARgTpGvOyHKvE,Coffee Bar-Kearny,Chinatown,37.79214290000001,-122.4045306
ChIJkUfiW9-BhYARprOm1_Aw2iI,Taiher Tea,Chinatown,37.794707,-122.4081753
ChIJj8RYm6yBhYARr1YHGPzZxsQ,Hi Sweetie Tea and Treats,Chinatown,37.7957803,-122.4077969
ChIJCYel8VuBhYARkEn3zKeF9Gk,New Love Tea,Chinatown,37.7977096,-122.4071172
ChIJFYF5qr6BhYARe7oRp_bjJCA,Imperial Fruit,Chinatown,37.79756169999999,-122.4068319
ChIJO7u9q5-AhYARiSSXyWv9eJ8,Zuni Café,Civic Center,37.7736,-122.421608
ChIJdb5s-p6AhYAR14CQqU9V_7k,Javalencia,Civic Center,37.7744431,-122.4206579
ChIJ-TgPKp-AhYARQOzi70ltCmk,Nina's Cafe,Civic Center,37.7760352,-122.4213096
ChIJI1aNNZ-AhYARhbPQeOohxZs,Planet Cafe,Civic Center,37.77574909999999,-122.4226083
ChIJm_LMkZ6AhYARGsjCux6jhmA,All Star Cafe,Civic Center,37.7752389,-122.4195333
ChIJ81fzsc-BhYARdZtCXcbJ-7E,LOQUAT,Civic Center,37.774934,-122.4223874
ChIJh1fiFgCBhYAR6lnvnGIK8Gk,the past.,Civic Center,37.7758433,-122.4212679
ChIJ_c92FJyAhYAROOvKZ17WNTQ,Starbucks,Civic Center,37.777059,-122.417348
ChIJa3aIDJyAhYARMPjFJtHsI5I,Andersen Bakery,Civic Center,37.77703169999999,-122.417537
ChIJm4gLsvOBhYARDnNvQu31r4w,Starbucks,Civic Center,37.77723719999999,-122.419438
ChIJxdnEHYyBhYARLIyv-StWCXM,Assembly Café & Beer Garden,Civic Center,37.7788349,-122.4171494
ChIJH7w1a5qAhYARSHYy_wjbPr4,Philz Coffee,Civic Center,37.7812661,-122.4169009
ChIJ0X_WV5qAhYARs0tIhw4QaA4,The Law Café,Civic Center,37.7809332,-122.4156281
ChIJ2cmBFJqAhYAREezI4MzCrJM,CoffeeSmith,Civic Center,37.7813242,-122.4173188
ChIJuwHEWk-BhYARTjVcrmYF2u8,Urbean,Civic Center,37.78095649999999,-122.4144643
ChIJV6VDG5qAhYARserDluVJPWk,Cafe 450,Civic Center,37.7819473,-122.4181453
ChIJ88EItqWBhYAR6oOhmbmOjgs,SPRO - Golden Gate/Civic Center,Civic Center,37.7808128,-122.4187822
ChIJ4ZfeFJuAhYAREGTVnroeXsg,United Nations Cafe,Civic Center,37.77961519999999,-122.4143835
ChIJXYkCU1GHhYARsaec5plJ1pg,Lava Java,Cole Valley,37.7666483,-122.452848
ChIJJRt36k2HhYARhL1ekCczx28,Peet's Coffee,Cole Valley,37.7654742,-122.4501304
ChIJXwohWVSHhYARVpS5xcRiVlw,Wooden Coffeehouse,Cole Valley,37.76598559999999,-122.4498862
ChIJw-4nGKB_j4ARgrMhrym-NvI,Café Josephine,Corona Heights,37.7644832,-122.4378848
ChIJCS2cu3N-j4AR_4QyMWbJ0GU,Creighton's Bakery Cafe,Diamond Heights,37.7437795,-122.4398413
ChIJLTsgt3N-j4ARrTTYQ6WspTE,Starbucks,Diamond Heights,37.74361549999999,-122.438964
ChIJL0eR87l_j4ARzVaL9P2vdDc,Just For You Cafe,Dogpatch,37.7581463,-122.3888825
ChIJ_d1nxph_j4ARQIJ4QRa2jy8,AI coffee,Dogpatch,37.7570058,-122.3877209
ChIJbTcNCG9_j4AR8ezdnQGFXHo,Daily Driver,Dogpatch,37.7573474,-122.38801
ChIJfWfL2b9_j4AR2iAVV3fc6Wo,Giuliana’s Just for You Cafe,Dogpatch,37.75804730000001,-122.3888785
ChIJi3d4fe5_j4ARveNMFufFqDo,Honeybear Boba,Dogpatch,37.7577497,-122.3895209
ChIJK1thvbF_j4AR3PIrE70Bi8o,Butter&,Dogpatch,37.7617148,-122.3917293
ChIJYVhXPjN_j4ARNoBIRvinMxc,Noe Cafe - Dog Patch,Dogpatch,37.76295409999999,-122.3889764
ChIJL7BUnuF_j4ARXBuy0Ms4BJ8,Bandit,Dogpatch,37.760716,-122.3882106
ChIJ53AnSbh_j4ARvydg9pSwD3c,Wooly Pig,Dogpatch,37.7606408,-122.3883508
ChIJ12ZjHmt-j4AR_KF1uOco2ow,Lovejoy's Tea Room,Dolores Heights,37.7492028,-122.427025
ChIJj4GLAWt-j4AROYqTjtKmM2A,Chloe's Cafe,Dolores Heights,37.74860489999999,-122.4270271
ChIJm8vaiT5-j4ARU2MyuxNCc2s,Ritual Coffee Roasters,Dolores Heights,37.75642529999999,-122.4214111
ChIJe-sRyj1-j4ARrVcZXLh0KNQ,Smitten Ice Cream,Dolores Heights,37.7583115,-122.4214599
ChIJj6vUzD1-j4ARdVVPC5r6ero,Tokyo Futon & Tea,Dolores Heights,37.7580693,-122.421396
ChIJh64mPip_j4ARr3szP1Ok-Vg,"Jump Start Coffee, Beer, Wine, & Deli",Dolores Heights,37.75214709999999,-122.4231975
ChIJm9AHOet_j4ARWXNFX9y4JSs,Sisters Coffee Shop,Dolores Heights,37.7580758,-122.4215494
ChIJWTGPjmaAhYARTZzu6RdEiSU,Imperial Tea Court,Embarcadero,37.7958379,-122.3937801
ChIJWTGPjmaAhYAR6c9cUJ1axtM,Blue Bottle Coffee,Embarcadero,37.7961181,-122.3939851
ChIJK27_02WAhYAR-V2pcsQGE0Q,Mariposa Baking Company,Embarcadero,37.7949767,-122.3931124
ChIJrXyusmaAhYARHy-30QCG2e4,Philz Coffee,Embarcadero,37.79452499999999,-122.3951706
ChIJVVVVqWGAhYARR6PFjzXzOxQ,The Posh Bagel,Embarcadero,37.7950796,-122.3958328
ChIJo-3hsIaBhYAR9dOz5O7Y6nE,York Street Cafe,Embarcadero,37.7946994,-122.3952544
ChIJuaCHHCeBhYARGuL8xG0hWR8,Neighbors,Embarcadero,37.7936821,-122.3934093
ChIJ3Xve2jyBhYARK-5rIz9ZW2A,Ferry Building,Embarcadero,37.7955703,-122.3933208
ChIJv6sGEyKBhYARJOErjnC0sFQ,Amor trabajo,Embarcadero,37.7936609,-122.3931102
ChIJ8zzFjcyBhYARR6PdLaJwL4s,Red Bay Coffee Ferry Building,Embarcadero,37.7956605,-122.3931881
ChIJpT0_PSiBhYAR8yckBFQQneA,The Epicurean Trader,Embarcadero,37.7952552,-122.3928066
ChIJtYUPQpN9hYAR_wPPRQKAbZE,"Aura Cafe: Coffee, Tea & Boba",Embarcadero,37.7923789,-122.3925021
ChIJNeQAcw9-j4ARP9-nCnYB30o,Neighbor's Corner,Eureka Valley,37.7555735,-122.4387557
ChIJIwGPyxp-j4ARaAv8glHW8q4,Spike's Coffees and Teas,Eureka Valley,37.7591726,-122.4351025
ChIJC1JqXpt-j4ARf1aA9jpaspU,Mc Garden Coffee & Bakery,Excelsior,37.71668619999999,-122.4407108
ChIJpR75cJt-j4ARrsWviAEOFqo,Claddagh Coffee,Excelsior,37.7162256,-122.4399128
ChIJYfy9Cpt-j4ARMPNF1MKpfCc,Nameless Tea & Coffee,Excelsior,37.7159146,-122.4395598
ChIJ6aGpOgp_j4ARggJO3NNn8Zw,Universal Breakfast & Lunch,Excelsior,37.71420610000001,-122.435745
ChIJiYhI9IV-j4AR_E608UKRzyM,Mr. T Cafe,Excelsior,37.72324529999999,-122.4356177
ChIJx0GJs4h-j4ARfCtCjZFIX_o,Double Shot Coffee,Excelsior,37.7248462,-122.4345064
ChIJdefTJb9_j4ARM99sfJXvgtg,Excelsior Coffee,Excelsior,37.7263543,-122.4333723
ChIJA7CpZZiAhYARiH7b1Gyr9Ig,Hayes Valley Bakeworks,Fillmore District,37.77866849999999,-122.4232268
ChIJdS_ykoqAhYAR7D9v8GCMGyI,Starbucks,Financial District,37.79463569999999,-122.4027149
ChIJKfK7UWCAhYARuWw0Y4fcnPk,Le Petit Cafe,Financial District,37.7952966,-122.3992413
ChIJlbzr8YmAhYARW1MSuc0ZtzQ,Cafe Venue Montgomery,Financial District,37.7912063,-122.4023009
ChIJZ76fAGGAhYARt65UQHRzxq8,Peet's Coffee,Financial District,37.7946597,-122.3988502
ChIJSdu8souAhYARm2j_V4uodVM,Starbucks,Financial District,37.79299639999999,-122.4041186
ChIJ5YnUxWGAhYAR8vacC6u0YTY,Il Canto Cafe,Financial District,37.7939973,-122.4006863
ChIJj82CHYqAhYARe8UgTiOOOcY,The Plant Cafe Organic,Financial District,37.79168980000001,-122.4023123
ChIJGytykmGAhYAR9ibchXdk81A,Starbucks,Financial District,37.7930882,-122.399686
ChIJm_Rm1WGAhYARfTNzfXItvRY,Wildflower Cafe,Financial District,37.7941509,-122.4016017
ChIJ9y1Xf4qAhYARWGBdbb3HerA,Morning Brew Coffee & Tea,Financial District,37.7940672,-122.4014866
ChIJ0UE6ojiBhYARCiEFeHbjTa8,K Five Fifty,Financial District,37.7931897,-122.4043502
ChIJwWE3rmOAhYARHJ9gr2N3Hvc,Tully's Coffee,Financial District,37.7911872,-122.3983047
ChIJkztvQGGAhYARS9PBosvWB5o,Focaccia Reserve,Financial District,37.794337,-122.397021
ChIJb5ZvEo-AhYARj--lEDpwvcg,Starbucks,Financial District,37.7913439,-122.3922382
ChIJkztvQGGAhYAR696TkRw_MdM,Focaccia Reserve,Financial District,37.7908884,-122.3986425
ChIJOcUlG2SAhYARsXj5YpdHKRM,Proper Food,Financial District,37.7934766,-122.3949946
ChIJBcJrF2GAhYARwxro0Og5nOQ,The Pressed Cafe,Financial District,37.79487230000001,-122.3974606
ChIJOdKFz1KHj4ARQsEMlp5bInU,Coffee Bodega Farm-to-Table,Financial District,37.79330829999999,-122.396998
ChIJAQCQaWGAhYARnGWVypsM8A0,JOE & THE JUICE,Financial District,37.7942524,-122.3975712
ChIJcXGV1GOAhYARAXClqKKHd-U,The Plant Cafe Organic,Financial District,37.7926226,-122.3984493
ChIJcZaNPWKAhYARVRadOutg2yw,Noah's NY Bagels,Financial District,37.7914629,-122.3998367
ChIJ17mcM2KAhYARFGk0jnUJMEs,Philz Coffee,Financial District,37.791651,-122.3991565
ChIJAwqYD2GAhYARNi_hpZV3rak,Blue Hawaii Acai­ Cafe,Financial District,37.79500959999999,-122.3980805
ChIJ9SXhpmaAhYARJ2T_hSBUwp4,Starbucks,Financial District,37.79358739999999,-122.3945235
ChIJ2_UGXGSAhYARN1hCZ3G9jGw,Working Girls' Cafe,Financial District,37.7922233,-122.394189
ChIJl-NPH2WAhYAR_j_6M67opXw,Sweet Joanna's Cafe,Financial District,37.7910572,-122.3926093
ChIJl59CXGGAhYARSsN259OrOtw,Le Regency Deli & Cafe,Financial District,37.7938458,-122.3969018
ChIJz3XEOo2BhYARl5bha2ABNmM,Rosalind Bakery Cafe at Embarcadero Four,Financial District,37.79470989999999,-122.3961087
ChIJsXxjLnCBhYARde8A9KqMIe8,Hyatt Regency Cafe,Financial District,37.79438189999999,-122.3963367
ChIJ4amLFlCBhYARJE0cC6utJDk,Happy Lemon Drumm Street,Financial District,37.79442019999999,-122.3968184
ChIJjbM7m-CBhYARG_Ru8QMv0do,Starbucks,Financial District,37.7938321,-122.3966844
ChIJvxPQJXeBhYARUtcHf97SGdA,Starbucks,Financial District,37.7920762,-122.3975058
ChIJq7Ci1KWBhYARqSh4Y-NX06Q,Penelope's Coffee & Tea,Financial District,37.791795,-122.3929454
ChIJo10a6CCBhYARbRot6llV4cw,SOMA Eats,Financial District,37.7917419,-122.3928433
ChIJ6bJGyv6BhYARCQTG_q4urWw,Bluestone Lane Front Street Coffee Shop,Financial District,37.79376690000001,-122.3990544
ChIJ3ViXE-KBhYARlEwdHo6ryFw,U F E EEE RR,Financial District,37.79126289999999,-122.3920152
ChIJ_0lRJTmBhYARl3CWKZiY4G0,Blue Bottle Coffee,Financial District,37.79042640000001,-122.3946523
ChIJVSu1xWGAhYARgUak_3dkf6g,275 Battery | Rockhill Management,Financial District,37.79388609999999,-122.4002704
ChIJIdgy6X-BhYARTaJ_t83IlmE,Coffee Bodega Farm-to-Table,Financial District,37.7905868,-122.3975033
ChIJHTcJbACBhYAR1do1mZzzTDU,Flywheel Coffee Roasters,Financial District,37.79146009999999,-122.3994997
ChIJM_wL_0WBhYARxPN_u9Qpz8o,Boba&Brew,Financial District,37.7898603,-122.3936334
ChIJZwyy48iBhYARkQwavM7I9pU,Bluestone Lane SOMA Coffee Shop,Financial District,37.788651,-122.4002881
ChIJM7mv1omAhYARkMmpBvyzpaY,Starbucks,Financial District,37.7898364,-122.402018
ChIJARyK0YmAhYARJy3br0D_VzY,Ramzi's Cafe & Catering,Financial District,37.7896332,-122.4019077
ChIJGReneWKAhYARNkAEgHooSus,Caffe Bianco,Financial District,37.7900283,-122.4011853
ChIJA7HrAOGBhYAR3n8oxtwI4Ys,Paris Baguette,Financial District,37.7898961,-122.4009266
ChIJkYuAX16BhYAROrJ58J1VIUs,Peet's Coffee,Financial District,37.789411,-122.4008066
ChIJ3UFdD2KAhYARYOHf4j7DshM,Blue Bottle Coffee,Financial District,37.7913064,-122.4009679
ChIJ35h3XWKAhYARqH3m0KQ99s8,The Chai Cart,Financial District,37.7901357,-122.3998904
ChIJuVH4UGKAhYAR896EXyrM9r8,JOE & THE JUICE,Financial District,37.7904855,-122.3995268
ChIJo_izGIyAhYARbrKXMfh1XBY,Coffee Partners LP,Financial District,37.7910653,-122.4000437
ChIJP8j1TB6BhYAR1W2GUTl0WIs,CafeX,Financial District,37.7910468,-122.400047
ChIJKeXQ4GKAhYARcp1x2JqEXrw,"Cafe GGU, Peets Coffee",Financial District,37.789184,-122.3985713
ChIJF7AFf-SAhYARJPDwj0CBm14,Hollywood Cafe,Fisherman's Wharf,37.80643690000001,-122.4158626
ChIJFYH6EeOAhYARVpFEUAxXxtg,Peet's Coffee,Fisherman's Wharf,37.8084853,-122.4148893
ChIJmfcGp-OAhYARe9jc_NVB8-s,McDonald's,Fisherman's Wharf,37.808235,-122.41449
ChIJTfP1ceGAhYAR6SCCgiXxKrA,Pomegranate,Fisherman's Wharf,37.8072198,-122.4192281
ChIJBVQen-OAhYARKRodqoPXKds,Darren's Café,Fisherman's Wharf,37.8075667,-122.4158556
ChIJUQjvVuGAhYARhIDdnGlSvac,Cafe de Casa,Fisherman's Wharf,37.8061425,-122.4189176
ChIJCRogY-GAhYARMVbshHMD0qk,Quickly,Fisherman's Wharf,37.8075761,-122.4189007
ChIJZX0Q0eOAhYARjmYiOEc7mwk,The Crepe Cafe,Fisherman's Wharf,37.8077445,-122.4187316
ChIJK3Mrg-OAhYARlJish3txhQI,Love Tea,Fisherman's Wharf,37.8071567,-122.4157726
ChIJAZjYkOOAhYAR8zpHbIVBez4,Latte Express,Fisherman's Wharf,37.8073377,-122.4162027
ChIJwWxYCXKBhYARGSFtl4QZV3A,Starbucks,Fisherman's Wharf,37.80842,-122.41285
ChIJj_PRBVOBhYARqQSciQQWPHA,Henneage Restaurant,Fisherman's Wharf,37.80778859999999,-122.4191173
ChIJA_rvjdiAhYARb0vVE-Pyauk,Equator Coffees,Fort Mason,37.8053147,-122.431873
ChIJg67PeyeBhYAROkno8i7ZxlI,The Interval at Long Now,Fort Mason,37.8066031,-122.4321667
ChIJ02-LXyeBhYARMKR34YswheM,Goody Cafe,Fort Mason,37.80652739999999,-122.431413
ChIJDYwhWd-AhYARncXpvj_wgC4,Cafe Franco,Fort Mason,37.807171,-122.428757
ChIJkZVUouCAhYARg_N9v87tufc,North Point Market,Fort Mason,37.805202,-122.4234752
ChIJ8VvW4ceBhYAR5IZJ-rlJkZo,Tea Square,Fort Mason,37.80552249999999,-122.422673
ChIJp_c66yWBhYAReCdGcCwZqMg,Foghorn Coffee,Fort Mason,37.80585789999999,-122.4229251
ChIJO-V_Z2N-j4ARgYDjSqP8z4o,Bello Coffee & Tea,Glen Park,37.7338018,-122.4339395
ChIJmb4VnmR-j4ARzver3HK6gKU,Higher Grounds Coffee House,Glen Park,37.7344121,-122.4337293
ChIJy5S4MGN-j4ARpJbMTWMAdis,Cup Café,Glen Park,37.7325035,-122.4347714
ChIJWdRYoGR-j4ARRufwcPtRfL0,Cuppa,Glen Park,37.7343029,-122.4341507
ChIJ0ZobX6Z_j4ARKnUZprSoZFY,Glen Park Cafe,Glen Park,37.7346098,-122.4339872
ChIJ1xmgPyR9j4AR3EIxyiWmgMM,K-Time Karaoke,Golden Gate Heights,37.7433527,-122.4753843
ChIJI7NivpmAhYARYpThv2G8f9c,de Young Café,Golden Gate Park,37.770955,-122.4688688
ChIJAX7d0LqHhYARCv0A7M5W08A,Flywheel Coffee Kiosk,Golden Gate Park,37.7698712,-122.4542764
ChIJdam9at-HhYAReFFog6hjhdo,Flywheel Coffee Roasters,Haight-Ashbury,37.7696901,-122.4534936
ChIJZcIExqyAhYARqLsfdzR85FU,1428 HAIGHT Patio Cafe & Crepery,Haight-Ashbury,37.7703219,-122.4459765
ChIJq2hmlayAhYARdAFlK0vs8cI,Coffee To The People,Haight-Ashbury,37.7700597,-122.4450909
ChIJCbgQyayAhYARjVk8nB7sh5M,Pork Store Cafe,Haight-Ashbury,37.77,-122.4462523
ChIJf2VE9ayAhYARcESkjlMUzfU,Ritual Coffee Roasters,Haight-Ashbury,37.7705531,-122.4438393
ChIJN15miqyAhYAR6m_QEHupJkg,Central Haight Cafe,Haight-Ashbury,37.7702788,-122.443915
ChIJyQm3b0GBhYARO9AIklc2_EY,Mellow Coffee,Haight-Ashbury,37.7700356,-122.4455516
ChIJ2xyHHreBhYARzchiSwHncvM,Wake Cup,Haight-Ashbury,37.7701484,-122.4467559
ChIJSy28upiAhYARkoxpzFnW7b4,Blue Bottle Coffee,Hayes Valley,37.7763342,-122.4232375
ChIJU3tHbqKAhYAR3MDnzOK40Nk,La Boulangerie de San Francisco,Hayes Valley,37.7767751,-122.4247997
ChIJ70taCKKAhYARDqB5RsSPUJc,Ritual Coffee Roasters,Hayes Valley,37.7763909,-122.4241939
ChIJDQx5mOCAhYARniFSiz9LPqA,Maker Studio Kids,Hayes Valley,37.7778478,-122.424729
ChIJX7KNJy1-j4ARfn1gMtb2ryM,Urban Ritual Cafe,Hayes Valley,37.77570139999999,-122.4258572
ChIJw0MpX1SBhYARQheP15ndPOU,Linden & Laguna,Hayes Valley,37.7759402,-122.4259985
ChIJhf4d48mBhYARm21whU3JOO8,ZERO& SF Hayes Store,Hayes Valley,37.776691,-122.423638
ChIJv5ECoGB-j4ARGt4LsFFsuE4,Cafeto Coffee Shop,Holly Park,37.7361487,-122.4240336
ChIJN56SFWF_j4AReIP60Fn1Mz4,Cafe Alma,India Basin,37.7320465,-122.3753514
ChIJpXI8PAp_j4ARqU_DoHOBVJs,Vasquez Coffee Company,India Basin,37.744041,-122.3843444
ChIJU4y-xQV_j4ARmRn8sW3qVvA,Hungry Cafe,India Basin,37.7431745,-122.3867217
ChIJyxcHoTp_j4ARLV5zIciQ4OA,Southeast Community Center,India Basin,37.743136,-122.3868993
ChIJebS92dJ9j4ARPPVCa7T1q8Q,McDonald's,Ingleside,37.7235151,-122.4554622
ChIJr1Ypf819j4ARiAgqm6RlQRI,Lucky Ocean Cafe,Ingleside,37.7242199,-122.4583797
ChIJQ6YpqfV9j4AR7lg4a5aahkE,The Fate Tea House,Ingleside,37.7234975,-122.4548939
ChIJG6DZVEeHhYARN90v8rBlRsY,Cinderella Bakery & Cafe,Inner Richmond,37.777433,-122.4636615
ChIJibk3D0GHhYARYgBEhDfLS5A,Rise & Grind Coffee and Tea,Inner Richmond,37.7737174,-122.4661482
ChIJb45HWSaHhYAReSfdguMUUOU,Three Polar Bears,Inner Richmond,37.7774282,-122.4631833
ChIJz9uXyxeHhYARv48UccTFjF8,Cafe La Flore,Inner Richmond,37.7828063,-122.4705103
ChIJb6xMEteHhYARs1pgqASF0Uk,Diamond Coffee n' Pastry,Inner Richmond,37.7828738,-122.470211
ChIJVYlq5juHhYARzZmKmtidibg,Blue Danube Coffee House,Inner Richmond,37.7831653,-122.4625598
ChIJc8ZIfSKHhYARBluHlQpJgZU,Inner Richmond- Little Sweet,Inner Richmond,37.78137009999999,-122.4606779
ChIJ4bGQDzyHhYARKb_Piobc4E8,Aroma Tea Shop,Inner Richmond,37.7826811,-122.4642295
ChIJnwyuSzyHhYARC-gs1Jd5x5g,Gourmet Dim Sum and Cafe,Inner Richmond,37.7827478,-122.4663196
ChIJ-adJ4KqHhYAR_t1spKPXCA0,Not Latte,Inner Richmond,37.7846418,-122.4644038
ChIJS4v2gTyHhYARkPXRclp9h3Y,The Richfield,Inner Richmond,37.78498680000001,-122.4636995
ChIJXYdiHT2HhYARHK70h6vSQ7U,Beanstalk Cafe,Inner Richmond,37.78449569999999,-122.4665401
ChIJOyuyQTyHhYARyLIsf3mqxqs,Mr & Mrs Tea House,Inner Richmond,37.7831729,-122.4652452
ChIJG5K1hdKHhYARTokQT1WnbqU,Pixlcat Coffee,Inner Richmond,37.7827562,-122.4648451
ChIJX57b5vWHhYARRNKgLz2GwFc,Kiss of Matcha,Inner Richmond,37.78293479999999,-122.4674571
ChIJQ9uJFtmHhYARItQDnyto1-I,T Phoenix boba shop,Inner Richmond,37.7829939,-122.4682742
ChIJbx_exz6HhYAROOXq2mfvKYI,Cafe Coco,Inner Richmond,37.7808333,-122.4644444
ChIJo3GE0AyHhYARblXqwmGGkA0,Breck's,Inner Richmond,37.78330839999999,-122.459219
ChIJBUHEg12HhYARbpImXPQt384,Peasant Pies,Inner Sunset,37.76381010000001,-122.4691799
ChIJ86-WEm-HhYARNa5AxURSOe8,Loop Neighborhood Market,Inner Sunset,37.7651949,-122.4768312
ChIJ9VVDS2aHhYARD3YLGYKdH6E,Cafe La Flore Irving,Inner Sunset,37.7639389,-122.4724139
ChIJVyzXKAeHhYARNSvg3G6RphI,"Yoma Cafe - Japanese Bento Box, Sushi rolls, Sandwiches and Drinks",Inner Sunset,37.763814,-122.4743456
ChIJlzcziBeHhYARGw7EZJJpyE8,b&b | Banh Mi & Boba,Inner Sunset,37.76375719999999,-122.4756595
ChIJD3HFtPGHhYARlXU4EVIM-As,The Game Parlour,Inner Sunset,37.763935,-122.4724902
ChIJd_H0u2eHhYAR1GUr1QEfC8U,Peet's Coffee,Inner Sunset,37.7640008,-122.4708026
ChIJY4J2gF2HhYARK3_9nU9yYa0,Earth Tone Cafe,Inner Sunset,37.7637847,-122.4693557
ChIJMdUfNVyHhYAR7pvCohDZC70,Arizmendi Bakery,Inner Sunset,37.763405,-122.4664416
ChIJ2QkAT1yHhYAR71YO4pNOFwM,Starbucks,Inner Sunset,37.764205,-122.466024
ChIJRZh4UlyHhYARFzEAr0ujSJc,San Francisco's Hometown Creamery,Inner Sunset,37.7644063,-122.4661628
ChIJ636K5VyHhYARwNAOdzYyYO4,Sip Tea Room,Inner Sunset,37.76577209999999,-122.4658318
ChIJIztOzV2HhYAR0wpB5VfTGb0,Snowbird Coffee,Inner Sunset,37.7630714,-122.4661192
ChIJicQrgl6HhYARDsnMswiLkbQ,Holy Gelato!,Inner Sunset,37.76241399999999,-122.4660738
ChIJAdhBS1yHhYARSuqV8n6TdnQ,Beanery,Inner Sunset,37.7637972,-122.4665083
ChIJAbtwalyHhYARBKy36uwdLAY,Rain Tree Cafe,Inner Sunset,37.7642782,-122.46511
ChIJIZInSFmHhYAR-FHydXQaxaE,Golden Bear Trading Company,Inner Sunset,37.76219,-122.4631335
ChIJq1ETQSmHhYARmcJAIcyjXTo,Yifang Taiwan Fruit Tea,Inner Sunset,37.7639767,-122.4649899
ChIJHUuvclyHhYARqK5A_gXmGDc,The Beanery,Inner Sunset,37.76424879999999,-122.464393
ChIJHRvXC1yHhYAR1IP3O4Ekd-0,Third Culture Bakery Inner Sunset,Inner Sunset,37.7640331,-122.4639095
ChIJ0Q91SDiHhYARqyW_QFvhdSI,Tartine Inner Sunset,Inner Sunset,37.7653542,-122.4662558
ChIJ5_jQ-WqHhYARYq9fOIupOK4,Inner Sunset - Little Sweet,Inner Sunset,37.7649421,-122.4666111
ChIJYd2rlbKHhYARacU4IXVC_YI,Open Book Project,Inner Sunset,37.765254,-122.4667869
ChIJsWf6pjiHhYARedn3YivCOEc,Milk Tea Lab,Inner Sunset,37.76386249999999,-122.4670802
ChIJX1GWriyHhYARJrtHTULCowg,Superfood Irving,Inner Sunset,37.7637425,-122.4682853
ChIJsRthmMCHhYARC4DrJyz7kWE,Yo También Cantina,Inner Sunset,37.7651365,-122.4603484
ChIJxYJR2riAhYARAG4Ru9aHLPo,NEW PEOPLE,Japantown,37.785616,-122.4306014
ChIJ76SKCLmAhYARe15t27RAbwY,The Social Study,Japantown,37.7841524,-122.4324633
ChIJg3132biAhYART9syUb_EObE,Crown & Crumpet Tea Salon,Japantown,37.7856787,-122.4305775
ChIJ77Z4oLmAhYARlMZ7RrZ4-Xo,Boba Guys Fillmore,Japantown,37.7836663,-122.4326643
ChIJo0XH17iAhYARQwm9vESn_xc,Andersen Bakery,Japantown,37.7850723,-122.4310057
ChIJZ8d24biAhYARhzvnJlaXscY,Kissako Tea,Japantown,37.7851506,-122.432079
ChIJo0XH17iAhYARaR8jBgUHdYU,Belly Good Cafe & Crepes,Japantown,37.7850892,-122.4306432
ChIJ6TTuZbiAhYARgXDzUAM5djY,شيشة فخر البحر المتوسط,Japantown,37.785998,-122.4328696
ChIJ844xLVCBhYARnhgW3uG5GqU,Compton’s Coffee House,Japantown,37.7874251,-122.4333759
ChIJHQg7JLmAhYAR5T0vRJTdHHU,K-BOX Karaoke,Japantown,37.78497249999999,-122.4306804
ChIJCfalBJOBhYARAF1OjLcm9dI,Japantown- Little Sweet,Japantown,37.7848766,-122.4305784
ChIJLYxUD7iBhYAR5sBricBmUL4,Yifang Taiwan Fruit Tea Japantown,Japantown,37.7851259,-122.4302905
ChIJldScKG6BhYAR6v3qSfUrygE,screen savor,Japantown,37.78512559999999,-122.4292462
ChIJq0gFptmBhYAR0Us2v-9sUzY,YakiniQ CAFE,Japantown,37.78581430000001,-122.4288776
ChIJqzzP3QSHhYARij1RSVdBJjs,Angelina's Deli Cafe,Lake Street,37.784212,-122.482038
ChIJb9S-8ASHhYAR3owyWS4VsZc,ROUND HOUSE CAFE,Lake Street,37.7841167,-122.4830984
ChIJw8gp4799j4ARoahDwV3e6P8,Cafe Playfield,Lakeshore,37.73404500000001,-122.5033822
ChIJwcYC_Z59j4ARrSKjYjV6_1M,Peet's Coffee,Lakeshore,37.73359,-122.48971
ChIJU3D4AZ99j4ARV2sqO4d4gWc,Noah's NY Bagels,Lakeshore,37.73244330000001,-122.4899402
ChIJ17Maldp9j4AR5HgXfgX7yFo,Tea Hut,Lakeshore,37.732475,-122.490672
ChIJg2Yuo759j4AR080L0Ac-OQM,My Cup of Tea,Lakeside,37.7323821,-122.474348
ChIJvXlMwz59j4AR2ZfCJ1nNEf8,YY Coffee & Milk Tea,Lakeside,37.7319425,-122.4735129
ChIJgfaHTzGHhYARpAaPEsn2pV8,Starbucks,Laurel Heights,37.786261,-122.453194
ChIJPTsviTOHhYARx2D0yQHwqiI,Peet's Coffee,Laurel Heights,37.786618,-122.450471
ChIJIX31sDeHhYARjeV14TQ0XXk,Earth's Coffee,Laurel Heights,37.7816005,-122.4557415
ChIJt6IjmTeHhYARecLRpWwJA7U,Cup a java coffee house,Laurel Heights,37.7815472,-122.4568583
ChIJ4y8UgzWHhYARKl-vCWzkCUk,Sunstream Coffee,Laurel Heights,37.7823746,-122.4497742
ChIJZ2PDL62HhYARNPuV5ia72Hw,Legion of Honor Café,Lincoln Park,37.7845287,-122.5011528
ChIJfXfIYPGHhYARWoxwa0-TH2o,PatriotBrew,Lincoln Park,37.7827973,-122.5043426
ChIJlfjxsYt_j4ARP1T9P86r3q0,Aroma Buena Cafe,Little Hollywood,37.7127789,-122.4006632
ChIJj-aXcQWHhYAR8yUm7bpfPKQ,Thanh Thanh Cafe,Little Russia,37.7819866,-122.4829437
ChIJXx-YZg-HhYAR7hP_-q8DGew,Bambū Desserts & Drinks,Little Russia,37.7803168,-122.4846141
ChIJq3M2cAWHhYARz3JTDEzUE4g,Honey B,Little Russia,37.7819714,-122.4828708
ChIJPeXgWA-HhYARR2aaNl1Kez4,Joe's Coffee Shop,Little Russia,37.7802916,-122.4853662
ChIJGT98Wg-HhYAR-M3CrbUiuf4,Cafe Enchante,Little Russia,37.7798444,-122.4856472
ChIJz5-fIxGHhYARAAJDv5Prew8,Royal Ground Coffee,Little Russia,37.78027779999999,-122.4763889
ChIJbypEqxGHhYAR2dF0S6Mk0Kg,Starbucks,Little Russia,37.7801515,-122.4780683
ChIJIZHXHRGHhYARhu4YDts1cuY,E Tea,Little Russia,37.7806598,-122.4769826
ChIJ9wYq1pCAhYARmrWwtx9EWR4,Quickly,Little Saigon,37.7844631,-122.4179234
ChIJ_9n-75CAhYARdU584Lw0ns0,Tu Kim Coffee Shop,Little Saigon,37.784344,-122.4163083
ChIJd_PCjJCAhYARUMFJTR83Duk,Sing Sing Sandwich Shop,Little Saigon,37.78379109999999,-122.4161355
ChIJtUa0XNGBhYARPu7feluKpF8,Sweet Glory,Little Saigon,37.7845608,-122.4180296
ChIJE1uwh5CAhYAR_dOKYatnfR8,Lafayette Coffee Shop,Little Saigon,37.7835351,-122.4177751
ChIJH-SUHkaHhYARMNAz4L9wCks,Velo Rouge Cafe,Lone Mountain,37.7753883,-122.4582689
ChIJoW3M4jWHhYARS0Sr4Upon1s,Royal Ground Coffee,Lone Mountain,37.7816164,-122.4522595
ChIJL6sXDjaHhYAReCqQkr67MSk,fifty/fifty,Lone Mountain,37.781469,-122.4529794
ChIJVZ6oHKaAhYAR7nvlwWEZajE,The Grind,Lower Haight,37.7714314,-122.4350732
ChIJ4d-JzKaAhYARMoxtGzrUKY8,Kate's Kitchen,Lower Haight,37.7720338,-122.4298596
ChIJT48u1qaAhYARjdRtWiTFxlU,Le Cafe du Soleil,Lower Haight,37.7713355,-122.4304886
ChIJ-T9Zx6aAhYAR5HAILvUzsaA,Cafe International,Lower Haight,37.77217170000001,-122.430742
ChIJyXEcNKGAhYARTPj6JyzpLWw,Underground SF,Lower Haight,37.7724664,-122.4293949
ChIJE3jg732BhYARQwC1hCx2_sg,Wave,Lower Haight,37.7715902,-122.4331212
ChIJcfdZTniBhYAR1cv6xpc52jg,Souvenir Coffee Co.,Lower Haight,37.7716287,-122.4369858
ChIJOak3a6SAhYARp0odgM0Y5XA,The Center SF,Lower Haight,37.77445489999999,-122.4307162
ChIJDcXnwv2BhYARktwGFTwEso4,Tea & Others,Lower Haight,37.77143509999999,-122.436867
ChIJ74VF-qaAhYARb0YeIN1ZqEA,Cafe Réveille,Lower Haight,37.7710697,-122.4320952
ChIJWzvOyaaAhYARcpO3Fds809Y,Paula's Cafe,Lower Haight,37.77224200000001,-122.4301708
ChIJKTXve3WBhYAREGpztA2zRAE,Tarragon Cafe,Lower Haight,37.7713322,-122.4301785
ChIJZ_Ak36GAhYARaz2iDa2Cygs,Mercury Cafe,Lower Haight,37.7739809,-122.4242534
ChIJH7T93uyBhYAR6Y-NeBPwjbI,TINT Gallery,Lower Haight,37.7747746,-122.4227688
ChIJmVLpj5-AhYARHCizlsufEXw,Boba Guys Hayes Valley,Lower Haight,37.77286429999999,-122.4234767
ChIJlU058H-BhYARElxF1iwSqKY,Starbucks,Lower Nob Hill,37.78598119999999,-122.4210785
ChIJeUE48jqBhYARrVWi_rFBrt4,Maison Danel,Lower Nob Hill,37.7864371,-122.4197449
ChIJWyb_ipGAhYARbaiIO1cGIrw,Farm : Table,Lower Nob Hill,37.7876956,-122.4143293
ChIJJ5FAFI6AhYARWc6pWHaIZZE,Honey Honey Cafe & Crepery,Lower Nob Hill,37.787766,-122.411494
ChIJd_o4vZGAhYARXi5ujtrUc5c,Angel Cafe & Deli,Lower Nob Hill,37.7866667,-122.415
ChIJPYugVJGAhYARLGnvHUwQkqs,Jane on Larkin,Lower Nob Hill,37.7864605,-122.4183232
ChIJ7-CpMZKAhYARXn1dOTqFjus,Cup A Joe Coffeehouse,Lower Nob Hill,37.7886251,-122.4150795
ChIJheCrEY6AhYARxCkT8_KjDWE,Joy's Place,Lower Nob Hill,37.78772910000001,-122.4120039
ChIJix5-GpKAhYARIpvDZTDXl70,Cafe Bean,Lower Nob Hill,37.7887003,-122.4137148
ChIJb5EbQ5GAhYARxV6oCRy4SSQ,Mongol Cafe,Lower Nob Hill,37.786376,-122.4172066
ChIJUUXriCGBhYAREiG-W_h3QKw,Sammie Cafe,Lower Nob Hill,37.78712489999999,-122.4163123
ChIJbQyGMZKAhYARvtrfndbObvQ,Han's Coffee Shop,Lower Nob Hill,37.7884961,-122.4153864
ChIJHzC6nluBhYARGSqGzSCjPu4,Heist Restaurant,Lower Nob Hill,37.7878464,-122.412987
ChIJ9VmGzpOAhYAR4X1Bcv2I-VE,Cozy Cafe,Lower Nob Hill,37.788197,-122.4159776
ChIJ18ftmp2BhYARqE0duL2UD1A,Malaysiancafe.com,Lower Nob Hill,37.7892634,-122.4145977
ChIJgXTImZOAhYARzX4bhO9a8ao,Crostini & Java,Lower Nob Hill,37.788955,-122.4171691
ChIJaXFdeE-BhYAR_vEM_rGL0nE,Hideaway Cafe,Lower Nob Hill,37.7892707,-122.4135472
ChIJJ-xR_pKAhYARNAvzaJs_lt0,Another Cafe,Lower Nob Hill,37.7901752,-122.4154216
ChIJe5aYaZKAhYARXG-qomkzJr4,The Morning Fix,Lower Nob Hill,37.7896572,-122.414032
ChIJ9ekFy3eBhYAR689Y1zIPmX0,MJ's,Lower Nob Hill,37.7899422,-122.4173196
ChIJL6rVe5KAhYARXavMxaNREYQ,Academy of Art University Dining Services,Lower Nob Hill,37.7887584,-122.4110569
ChIJd9gqk42AhYARDYc6gRcfCms,Fresh Brew Coffee,Lower Nob Hill,37.7898818,-122.4118101
ChIJc2lX4cmAhYARLGu4e5KsBfE,Pete's Deli & Cafe,Lower Pacific Heights,37.7851291,-122.4400614
ChIJQw4e68mAhYARG2SikEnCqL0,Starbucks,Lower Pacific Heights,37.785936,-122.439858
ChIJ9-Kw-7WAhYAR3edBmWNNZdU,Opa Cafe,Lower Pacific Heights,37.783966,-122.441488
ChIJJUukTtaBhYARZik0ZNiSNLU,Emmita’s Café,Lower Pacific Heights,37.7845754,-122.4400886
ChIJX2f_alqBhYARPR1bHd9dzjk,Contender Coffee,Lower Pacific Heights,37.7864526,-122.4403983
ChIJZ2CoKLaAhYARyQmkR5XBZrI,Mount Zion Cafe - UCSF Medical Center,Lower Pacific Heights,37.78476589999999,-122.4394703
ChIJT7NRYcmAhYARm76Mj1vRW50,Tea Hut,Lower Pacific Heights,37.7879091,-122.4407762
ChIJMT5TG7iAhYAREDkkUYkUSYg,Sweet Maple,Lower Pacific Heights,37.78570819999999,-122.4351203
ChIJ85G1k8eAhYARyW11CKO0llU,Florio Bar & Cafe,Lower Pacific Heights,37.7875364,-122.433818
ChIJF_1efsiAhYAR_l87stYezc8,Loop Neighborhood Market,Lower Pacific Heights,37.7882282,-122.435688
ChIJ01DqG7iAhYARjop0fbv74bg,Cafe Murano,Lower Pacific Heights,37.7855046,-122.4350653
ChIJ39WR0ceAhYARE0g6sTaDN1Q,Starbucks,Lower Pacific Heights,37.7886181,-122.4346739
ChIJ7WGmtLmAhYAR5DWwqFdmpHI,Les Croissants Cafe,Lower Pacific Heights,37.7845617,-122.4335947
ChIJF1AowMeAhYAR8arr1DHDIcY,La Boulangerie de San Francisco,Lower Pacific Heights,37.7877381,-122.4340755
ChIJc7anRY6HhYARLwBiTgNYc48,California Kahve,Main Post,37.8014491,-122.4571829
ChIJF5YKsDuHhYARZWTnDWv4TtI,Stelling,Main Post,37.80046249999999,-122.4583053
ChIJn9IDcaGBhYAROvG2m_00fAg,Philz Coffee Truck,Marina District,37.8058716,-122.4424246
ChIJ1f5v3taAhYARQCNMKc-rUx8,Starbucks Reserve,Marina District,37.8007101,-122.438556
ChIJEX_rOteAhYAR8id56XjBpWk,Noah's NY Bagels,Marina District,37.8004954,-122.4373618
ChIJkbruI9eAhYAR3n1thaTDbEY,Peet's Coffee,Marina District,37.8007727,-122.437882
ChIJW0ylQdiAhYARrigLol4B6l4,Starbucks,Marina District,37.804486,-122.433775
ChIJHUFFb3SBhYARRngmm2d5fVY,Bluestone Lane - Steiner St Café,Marina District,37.80047320000001,-122.437752
ChIJX42QahiBhYARDvtKCfMqu24,Boho Petite,Marina District,37.80072699999999,-122.4387615
ChIJ9Rdtkd2AhYAR5ROrPCb8mak,Cafe Le,Marina District,37.8021467,-122.4249693
ChIJ2yA9k92AhYAR2OYvoOdoEoU,First Cup Café,Marina District,37.8025685,-122.4251404
ChIJC2jb8DWBhYARo4AAX78U50c,The Coffee Berry SF,Marina District,37.8014124,-122.4249979
ChIJ2SBgoHJ9j4ARwtuvaxd211U,Blue House Café,Merced Heights,37.7144818,-122.4655812
ChIJc21Q5Y-BhYAR56naU_czXE8,Pixlcat Coffee,Mid-Market,37.77689770000001,-122.4152988
ChIJ_Vae_ISAhYARD3_cAM1pxlc,David Rio Chai Bar,Mid-Market,37.7816943,-122.4105217
ChIJR_oL2oWAhYARqrsHml_days,Mo'z Cafe,Mid-Market,37.7833874,-122.4075568
ChIJh9LF1oWAhYARA8rUUYpiIVU,Latte Express,Mid-Market,37.7832658,-122.4073941
ChIJYXKlUaOBhYARbkiFtYSTcKo,The Tune Cafe,Mid-Market,37.7816606,-122.4093796
ChIJYbHN5LuBhYARJNWnqCL5z5w,Deathless Coffee,Mint Hill,37.7711133,-122.4241096
ChIJAQCQc6CAhYARmX2dLU4y2gc,Charlie Lcsw Dunkin,Mint Hill,37.770501,-122.425711
ChIJJQgiMud9j4ARhsEC8iDJLcw,Starbucks,Miraloma,37.744657,-122.452707
ChIJswkMcnN-j4ARF2XNWphHlQA,Creighton's American Bakery,Miraloma,37.7446733,-122.4526331
ChIJeWmH6M5_j4ARLhqh6JwOle8,Starbucks,Mission Bay,37.76709999999999,-122.39389
ChIJ9fREnsh_j4ARYUMcq9XisII,Shorenstein Family Cafe @ UCSF Medical Center,Mission Bay,37.7653457,-122.3901929
ChIJgeCtccZ_j4ARWqtZLN4zvUY,Taproot Eatery,Mission Bay,37.7668422,-122.3879954
ChIJpzW6o3Z_j4AR0hanEjqo0Fk,Caffe Central,Mission Bay,37.7663255,-122.3886091
ChIJ0xKTxHR_j4ARK9vCNm_LF84,Philz Coffee,Mission Bay,37.7674745,-122.3889107
ChIJdQfz0dZ_j4AR0eK1uTOUYgc,Philz Coffee,Mission Bay,37.7755632,-122.393425
ChIJrYVUEYCAhYARweDb0BL63f0,Cafe Réveille,Mission Bay,37.7735205,-122.3916911
ChIJD-2A19Z_j4AR6Za4Dhcskc0,Focaccia Market and Bakery,Mission Bay,37.7765804,-122.3920615
ChIJUcfd3c9_j4ARYgUQAMZQBxs,SPRO - Mission Bay/SOMA,Mission Bay,37.7708621,-122.3913901
ChIJFWnyktZ_j4ARNA56tCuQdv8,Tazza D'Amore Cafe,Mission Bay,37.77672599999999,-122.394993
ChIJvWdbXOV_j4ARorfapSolbHY,Starbucks,Mission Bay,37.776817,-122.39407
ChIJGSOVLfx_j4ART_Zy0PGxV0I,JOE & THE JUICE,Mission Bay,37.77347530000001,-122.3913215
ChIJ_SlPwyt_j4AReIZ2jhsILdo,Bubble Queen,Mission Bay,37.77734509999999,-122.3923013
ChIJMS1_FKx_j4ARxW09XMoNSxw,TWYNE,Mission Bay,37.7747797,-122.3900695
ChIJXRvnumF_j4ARhUze9J6Bpaw,Happy Lemon,Mission Bay,37.77152170000001,-122.3914588
ChIJ1YkFRvl_j4ARiwPDFJeDq5g,Blue Bottle Coffee,Mission Bay,37.7711043,-122.3910746
ChIJt6gzkoF_j4ARKakjQsG7inc,Gyros On Wheels - 601 Mission Bay,Mission Bay,37.77077790000001,-122.3914399
ChIJ3WLN1NF_j4ARhNUsVaNYxB4,Virtual Teakup,Mission Bay,37.7707387,-122.3914523
ChIJj08HUMV_j4ARrVaWMrjQ6iE,Starbucks,Mission Bay,37.7713497,-122.3892176
ChIJ8cCkoEZ-j4ARfnhtmZbAkYg,The Laundry,Mission District,37.7489607,-122.4172885
ChIJrYkr8yZ_j4ARBLbT2aha9Yo,The Laundry Café,Mission District,37.749013,-122.4173356
ChIJv83gukB-j4ARuAURfcES5fE,Beloved Natural Cafe & Organic Juicery,Mission District,37.7523685,-122.4193018
ChIJxQwdfD9-j4ARyEExPAEObbA,The Brazilian Spot (formerly Cafe Valencia),Mission District,37.752823,-122.420936
ChIJpVECRh9_j4ARfe-h1uPKEE0,"UPFORDAYZ Coffee, Tea & Juice",Mission District,37.753848,-122.4210141
ChIJp60UGGR_j4ARDQrwY2PapRs,Breakfast Little,Mission District,37.7551823,-122.4203797
ChIJ2UJv_XV_j4ARs96Zq1r57kA,Grand Coffee Too,Mission District,37.7563025,-122.4193399
ChIJZ6fXsEB-j4ARgzVvdjgUcJQ,Café La Bohème,Mission District,37.75232829999999,-122.4189655
ChIJ3XEasjl-j4ARWcW8iwtlkhw,Heirloom Café,Mission District,37.75715539999999,-122.4147485
ChIJJZKJzEd-j4ARnnFluLjIt0M,Haus Coffee,Mission District,37.7526833,-122.4137444
ChIJsYYlnTh-j4AR6HNulTdfOYc,The Little Spot Cafe,Mission District,37.75410089999999,-122.4163063
ChIJ35oRhkh-j4ARv8VUVLjFZHg,temos coffee,Mission District,37.75275380000001,-122.4121128
ChIJC0tDSj9-j4AROcvQfiqe1y8,Grand Coffee,Mission District,37.754472,-122.4185021
ChIJJRUvNEd-j4AREv5xxbci2vc,McDonald's,Mission District,37.752127,-122.418215
ChIJ4-QSj55_j4ARdk6BjQ7yGQI,Rise & Grind Coffeehouse,Mission District,37.7558151,-122.4146029
ChIJ3XjwVRx_j4ARei8ZqLIEaVQ,buddy,Mission District,37.7553959,-122.4171097
ChIJq6ra0jh-j4ARNXqrMPAKT4I,Sítio Santa Rita Cafés Especiais,Mission District,37.75526139999999,-122.4183665
ChIJlRWVSUd-j4ARm1hpC-oT8o8,Silverstone Cafe,Mission District,37.7524035,-122.4180038
ChIJA1DOHkl-j4ARP53JlgsieGs,L's Caffe,Mission District,37.75266439999999,-122.409627
ChIJf_PbKFWBhYARKkg5NBQGKeE,Mawar-Indonesian Food,Mission District,37.7501624,-122.4141189
ChIJpVIYK0F-j4ARHS7kSMEYE18,Red Cafe,Mission District,37.7507434,-122.4184971
ChIJE_VoLrR_j4ARmg6rTCznE4M,CoffeeShop,Mission District,37.7574633,-122.4099452
ChIJI_QEXUl-j4ARLf-i6Sm-oeE,Dynamo Donut & Coffee,Mission District,37.7530833,-122.4076472
ChIJhX252XV_j4ARjowOHlDAjUc,Marigold Café,Mission District,37.7574875,-122.4085181
ChIJ__abjyF-j4ARmyuzGS1yOdc,Four Barrel Coffee,Mission District,37.7670234,-122.4217806
ChIJHUI7VyJ-j4AR_EMCPNPpgKU,Muddy Waters Coffee House,Mission District,37.7645244,-122.4216732
ChIJnT-LTSJ-j4ARzCqJ1L3bVTE,El Cafetazo,Mission District,37.7647418,-122.4214943
ChIJUyUsp7x_j4ARKw-v8RRNaqI,Manny’s,Mission District,37.7650923,-122.4217044
ChIJlxonA45_j4ARQXnrT2rNHpY,Stonemill Matcha,Mission District,37.7639681,-122.4216256
ChIJFUuuvzx-j4ARAYJkkQoM5so,Linea Caffe,Mission District,37.7616667,-122.42
ChIJm9T0GxJ_j4ARd56lDygK2j8,Brew Cha,Mission District,37.762001,-122.4200267
ChIJY9SkXqp_j4ARWW8AD7UGWkk,District Tea,Mission District,37.76250829999999,-122.4196404
ChIJe5086SN-j4ARyyD6owTxXwE,La Noisette,Mission District,37.7665642,-122.419674
ChIJKddyyZN_j4ARHqb6DZLUjGQ,Abanico Coffee Roasters,Mission District,37.76295419999999,-122.4191888
ChIJIQZjHwB_j4ARsTSjaZw1feA,Sextant Coffee Roasters,Mission District,37.76431050000001,-122.4216746
ChIJ47mI-DB-j4ARMbqXOPT13vk,Starbucks,Mission District,37.762912,-122.410423
ChIJDS_j2Tp-j4ARx1SqQlnrP4U,Stable Cafe,Mission District,37.763225,-122.4153583
ChIJD541dDB-j4ART-oJw8IjvgQ,The Archery,Mission District,37.7631299,-122.4124105
ChIJo4MQtiV-j4ARnCNI-kL9MuU,Carmelina’s Cafe,Mission District,37.7675285,-122.414789
ChIJj_74Thp_j4ARoUiiLHLfjh8,Fox and Lion Bread,Mission District,37.762104,-122.418479
ChIJ0yEpgCR-j4AR8-ZeInClevc,Chile Lindo Empanadas,Mission District,37.7652621,-122.4184359
ChIJX-7oMjt-j4ARu_dWWMKlHdA,Robin's Café,Mission District,37.76350359999999,-122.4163904
ChIJm0k2eiZ_j4AREcWo3a1atLI,Gus’s All Day Cafe,Mission District,37.76406469999999,-122.4127961
ChIJm1iH_qF_j4ARLC2W1AHKITA,Dandelion Chocolate 16th Street Factory,Mission District,37.7656401,-122.4126483
ChIJYTHR3nN_j4ARkpU10GBGgTY,BiteUnite San Francisco,Mission District,37.7633835,-122.4175999
ChIJD541dDB-j4AR0--7PwsNlh8,FRONT EXHIBITS & CAFE,Mission District,37.7631168,-122.4123753
ChIJyfNi_Ox_j4ARRriVcW3iTsM,Le Dix-Sept Pâtisserie,Mission District,37.76207610000001,-122.4187868
ChIJXSGMMXR_j4ARy6ElY1oWinM,Ein Puppy Cleaners,Mission District,37.7671306,-122.4194657
ChIJl2EemTt-j4ARans-8P-fDsg,The Fresh Cup,Mission District,37.7604749,-122.4172837
ChIJaTfaNi5-j4ARWzK3s6C4nxI,Starbucks,Mission District,37.7668416,-122.409623
ChIJM5TLzi1_j4AR2XgpTz5pHHA,Margaritas Coffee SF,Mission District,37.7610579,-122.4189429
ChIJ9a3hyi9-j4ARWVa1uRvUBns,Peet's Coffee,Mission District,37.7667559,-122.4092175
ChIJ9a3hyi9-j4ARAHTytKc_DVY,Noah's NY Bagels,Mission District,37.7666036,-122.4089178
ChIJLYvK8TF-j4ARF3I1j5oe0ls,McDonald's,Mission District,37.76541510000001,-122.4079489
ChIJIR89Dxx-j4AR_LHZbAGY5Wo,U:Dessert Story,Mission Dolores,37.7642775,-122.4306049
ChIJR0JmPBh-j4ARHojhoMtzRhA,Dolores Park Cafe,Mission Dolores,37.76133859999999,-122.4257977
ChIJc3PCIT1-j4ARgxykctQlAaY,Craftsman and Wolves Valencia,Mission Dolores,37.7609056,-122.4216833
ChIJf4CVbBl-j4ARi0b2b0NIX6I,Morning Due Cafe,Mission Dolores,37.7630028,-122.4283944
ChIJjcGlfB5-j4ARfK5CFulT7xo,Church Street Cafe,Mission Dolores,37.7664135,-122.4290636
ChIJ3d31Iz1-j4ARkwerSZRVQjM,Dandelion Chocolate,Mission Dolores,37.761013,-122.4216972
ChIJ569jRiJ-j4ARPBU68-MfNa8,Foodhall,Mission Dolores,37.76506699999999,-122.422114
ChIJBVY2Bxh-j4ARa2zO8Jd6H2A,Tartine Bakery,Mission Dolores,37.7614347,-122.4240821
ChIJJ5IrBhh-j4ARFRZcETEr_Wo,Fayes,Mission Dolores,37.76165499999999,-122.4243005
ChIJGX6--xh-j4ARUggmRyhlmmU,Maxfield's House of Caffeine,Mission Dolores,37.7631333,-122.426525
ChIJdaLSzB9-j4ARxyVfkl51vIQ,WFM Coffee Bar,Mission Dolores,37.7687595,-122.4270525
ChIJvR5zZmN_j4ARd-7JYimDPY8,SPRO - Mission Dolores/Castro,Mission Dolores,37.7627973,-122.4286748
ChIJS1t5UcB_j4ARx3OKkTSgAf8,BOBOP,Mission Dolores,37.7611256,-122.4218176
ChIJUVdHex5-j4ARPEs27aq3-tg,Verve Coffee Roasters,Mission Dolores,37.7671579,-122.4290973
ChIJazk5tyF-j4ARP2SrkFuPuYs,Carlin's Cafe,Mission Dolores,37.768261,-122.4224005
ChIJoVpiZj1-j4ARBE9x0JEPIm8,Java Supreme,Mission Dolores,37.7598316,-122.4234512
ChIJlYCQXz1-j4ARhGZRB1ieCEQ,Dolores Outpost,Mission Dolores,37.76006389999999,-122.42385
ChIJt8_ynIJ_j4AR0VU0TWGO0XY,Outset Coffee - Valencia,Mission Dolores,37.7603042,-122.4216738
ChIJh1Qm64h-j4AR3LmXs3FaWfE,Tea Plus Tea Bar,Mission Terrace,37.7260934,-122.4339298
ChIJQyshwIh-j4ARTkS-ekJDA_k,Ann's Doughnut Coffee Shop,Mission Terrace,37.7260593,-122.4339596
ChIJSa3TcOyAhYARX6DenwyCvgo,NOOK,Nob Hill,37.7946709,-122.4180295
ChIJ4SmZwPKAhYARFQn6ClsU35g,Gallery Cafe,Nob Hill,37.7946278,-122.4112056
ChIJ9Ud2gu2AhYARS6wD_qMZ5rE,Cafe Isabella,Nob Hill,37.7954605,-122.413127
ChIJOUVdq2GBhYARzUn3uOzi6-Q,BlackwoodBizz,Nob Hill,37.79481919999999,-122.4134699
ChIJoTMb3PKAhYARsXkQt469sBw,The Coffee Movement,Nob Hill,37.7947671,-122.4102942
ChIJEeGqe4GBhYARqr8vTAOM5ko,Cirque Bar,Nob Hill,37.7923883,-122.4100923
ChIJedo_MIyAhYAR42oW_99m1fg,BeanStalk Cafe,Nob Hill,37.7902,-122.4093389
ChIJ2WqlLZR_j4ARjKmH5t32AXw,La Lucha Coffee Bar,Noe Valley,37.7436575,-122.4290966
ChIJu0OEKmp-j4AR18iMt8X_GtE,Martha & Bros. Coffee Co.,Noe Valley,37.7460169,-122.4267647
ChIJhUFlZGh-j4ARl4LAaOShSH8,Cafe XO,Noe Valley,37.7422238,-122.4263748
ChIJLzRvcKd_j4ARNceQomOKJfY,Cafe Gonzalez,Noe Valley,37.7454487,-122.4224382
ChIJc-2jWRJ-j4AROB7b2Bw356o,Noe Valley Bakery,Noe Valley,37.7511609,-122.4334399
ChIJXdV9NAx-j4ARbaEXhONbYvc,Philz Coffee,Noe Valley,37.7511819,-122.4383819
ChIJj3orDxN-j4ARlytjvdmSwKU,Starbucks,Noe Valley,37.751341,-122.431709
ChIJ37ticRN-j4ARnoZeLusW0bI,Bernie's,Noe Valley,37.751675,-122.4312167
ChIJ_33_ZRJ-j4ARfTJW6Ws6-gI,AP’S CAFE,Noe Valley,37.75139619999999,-122.4344842
ChIJwwBtkg1-j4ARNAU_kCNTPy8,Diamond Cafe,Noe Valley,37.75127309999999,-122.4361831
ChIJkwd38xF-j4ARNuW9RPIW8uI,1001 Castro Street,Noe Valley,37.7536259,-122.4341346
ChIJScPJx6B_j4ARf5kqtF8dJ8c,Vive La Tarte,Noe Valley,37.75149799999999,-122.4325551
ChIJNVvanBR-j4ARnKgYHLjR-as,"La Boulangerie de San Francisco, Noe Valley",Noe Valley,37.751759,-122.429516
ChIJfeCRkBR-j4AR_hD9mE9Chtw,Martha & Brothers Coffee Company,Noe Valley,37.7517017,-122.4289683
ChIJXaBNpIqAhYAROdZWPaMN_Qo,Cafe Me,North Beach,37.796047,-122.402163
ChIJ1-6lw_SAhYARompFFvy2OA0,Cafe Zoetrope,North Beach,37.796593,-122.405093
ChIJcyHa9fOAhYAR7reGSUvtLe4,Caffe Trieste,North Beach,37.79864169999999,-122.4073139
ChIJsU3K7vSAhYARv8bNtVUBHYo,Réveille Coffee Co.,North Beach,37.79727219999999,-122.4055778
ChIJo0q8yIqAhYARIXgaZq3aKEA,Tricolore Caffè & Pizzeria and Catering,North Beach,37.7956537,-122.4030996
ChIJ30FkWfWAhYARzSMkgf1fGuE,Réveille Coffee Co.,North Beach,37.7973687,-122.4016744
ChIJW-PUjPSAhYARHfkJMe6zzJ0,Brioche Bakery & Café,North Beach,37.7973243,-122.4056692
ChIJ2crx4F-AhYARO7DCxq9vjXk,Jackson Place Café,North Beach,37.7971457,-122.4011537
ChIJJ5BEyYqAhYAR2Xim_Tv4XhE,Maison Nico,North Beach,37.7957889,-122.4032333
ChIJSYzr8eSAhYARFzlnATi_Fn4,Starbucks,North Beach,37.8053265,-122.4150667
ChIJR4LRGuWAhYARLI3HG5dgGVk,Pat's Cafe,North Beach,37.8040094,-122.4148315
ChIJESYSGPCAhYARmGZxS-G4-f4,XOX Truffles,North Beach,37.80176340000001,-122.4120824
ChIJPVPQ2vqAhYARUABMhT-GiB8,Cafe Francisco,North Beach,37.80478129999999,-122.4119055
ChIJU7cbw_OAhYARwCWkwaDtR6M,Victoria Pastry,North Beach,37.8013226,-122.4112907
ChIJH6woNuWAhYARs9r_wd98_yg,Caffe Capriccio,North Beach,37.8039001,-122.4131284
ChIJp8zEOPGAhYAR4VicktsDkf0,HITW Coffee,North Beach,37.8007,-122.4080889
ChIJGyFWNfKAhYARyeBNL_4tgEo,Tancca,North Beach,37.7976274,-122.4099725
ChIJCX-kBnqBhYAR4EA8CUGWzH8,Dago Bagel,North Beach,37.798696,-122.409397
ChIJ4WAG3vOAhYARKLeCNdq7O-Y,Caffe Greco,North Beach,37.7989689,-122.4084844
ChIJPzqwj52BhYARVlxV67NnN3M,Blue Bottle Coffee,North Beach,37.7973773,-122.4038434
ChIJAxCj-1-AhYARANv-EM0esfA,Harpo's Cafe,North Beach,37.79714800000001,-122.401225
ChIJT7K4l_GAhYARN9q7B-77SfY,La Mediterranee Catering,North Beach,37.799696,-122.4105471
ChIJr6IFZPGAhYAR5e3y0GGJp8w,Mario's Bohemian Cigar Store Cafe,North Beach,37.8002479,-122.4098155
ChIJaUHKevGAhYARwVLr2tZ3Mfk,Mara's Italian Pastries,North Beach,37.7996083,-122.4094417
ChIJa7zkYvGAhYARzwwMM77l_qQ,Cavalli Cafe,North Beach,37.7991987,-122.4090798
ChIJZbiTsj6BhYARIq_J1zorxxA,Compton’s Coffee House,North Beach,37.7998392,-122.409786
ChIJXwWcTQSBhYARWTFH-P20ENc,Cafe Angolo,North Beach,37.7996689,-122.4096648
ChIJj8LBcPGAhYARz6Fb7CotEzo,Alimento,North Beach,37.7996319,-122.4094865
ChIJmwKCcPGAhYARxDNx5UP1p8M,Caffetino,North Beach,37.79959759999999,-122.4094066
ChIJix8i1rKAhYARA-8jXL5KSYs,Starbucks,North of the Panhandle,37.77573700000001,-122.446293
ChIJp6j5g7KAhYARb1upqeBbUGk,Central Coffee Tea & Spice,North of the Panhandle,37.7743008,-122.4442782
ChIJe29bzK-AhYARBbTdJAwZD8Q,Bean Bag Cafe,North of the Panhandle,37.77514309999999,-122.4380528
ChIJJ9Lic2CAhYARmgBq_cI5Vx4,Cafe Insalata,Northern Waterfront,37.7967406,-122.3998749
ChIJXfPOo2CAhYARxdJ46CUxCzw,Starbucks,Northern Waterfront,37.797007,-122.398107
ChIJL8LbJPaAhYARqD8KXhW0vRE,Starbucks,Northern Waterfront,37.8029252,-122.4029371
ChIJ-UlLUl-AhYARfAPUnxHm3rM,Cafe Destijl,Northern Waterfront,37.8013878,-122.4006142
ChIJxZiM4l6AhYARV6aMl4fGk6w,Seismic Joint,Northern Waterfront,37.8010359,-122.3986065
ChIJU16DyZ1-j4ARfHONz9_PPiE,McDonald's,Outer Mission,37.7131342,-122.4445811
ChIJWRrZvGJ9j4ARbutnPEAqTLY,Chewy's Tea Wholesaler,Outer Mission,37.7136488,-122.4483831
ChIJIWto0vGHhYAR1koqXLM7-Io,Andytown Coffee Roasters,Outer Richmond,37.772769,-122.5106982
ChIJg4qwGKeHhYARo41FFI_aOss,Ocean Beach Cafe,Outer Richmond,37.77454160000001,-122.5099581
ChIJVSRsPLeHhYARz2V2-YXxEUI,TJ Cafe,Outer Richmond,37.7748235,-122.509962
ChIJqQ2SMD9-j4AR9UMawGkh5J0,The Butterfly Joint and Café at The Butterfly Joint,Outer Richmond,37.773253,-122.506051
ChIJDyQX4qWHhYARJVELsI7J5vw,Purple Kow,Outer Richmond,37.7758333,-122.4977778
ChIJXeuE5qWHhYARHr3gSh4G3Uk,La Promenade Café,Outer Richmond,37.7754768,-122.4981296
ChIJgT8-R6aHhYARhSQG4Voq6L8,Simple Pleasures Cafe,Outer Richmond,37.7759728,-122.4958428
ChIJV_Av3amHhYAR7d5C1Qb_QPw,Garden House Cafe,Outer Richmond,37.7814994,-122.4927383
ChIJCz-8f7mHhYARk8yQGzpIjOA,zscm,Outer Richmond,37.7800251,-122.4934688
ChIJyQd9b2N9j4ARU0bf2M8oyAk,Andytown Coffee Roasters,Outer Sunset,37.7414594,-122.5052277
ChIJ5SMtamN9j4ARvPB90rEOMVQ,Avenues San Francisco,Outer Sunset,37.7419299,-122.5049141
ChIJSy9BoY-HhYAR-jHGxlGU5fc,Devil's Teeth Baking Company,Outer Sunset,37.7531472,-122.5050278
ChIJ_6VIdY-HhYARUUlFyG4lIAU,Yonkers Cafe,Outer Sunset,37.7528267,-122.5046791
ChIJFRpVzWyHhYAR1zfwl0aN8Lg,Bobaville,Outer Sunset,37.75276909999999,-122.5046172
ChIJee4DupqHhYARXadb2DlBtr8,Andytown Coffee Roasters,Outer Sunset,37.7566712,-122.5023147
ChIJeWX3EH-HhYAR71c_f4pRYyA,TJ Cups,Outer Sunset,37.75350359999999,-122.4900165
ChIJ-6aS94OHhYARylN_KR47se4,Eggettes,Outer Sunset,37.7535072,-122.497566
ChIJkd6w5n6HhYARSMFG6z99F1o,Starbucks,Outer Sunset,37.7542,-122.48882
ChIJLX48SH2HhYARs2ZuZnT0Pz4,Henry's House of Coffee,Outer Sunset,37.7542002,-122.4812254
ChIJZ4ingGKHhYAR47m79q1S1JI,BB Tea,Outer Sunset,37.7543596,-122.4779024
ChIJmfAigmKHhYARioGlCJOg-pU,Cafe Bakery Restaurant,Outer Sunset,37.7540511,-122.4782684
ChIJrdB62Il9j4ARsRPxJPHaaqQ,Home Coffee Roasters,Outer Sunset,37.7544545,-122.4770135
ChIJAxckUpeHhYARxPwtTgBDyWY,Judahlicious,Outer Sunset,37.760655,-122.503954
ChIJG1iGoY-HhYAR-XNMTpeTJ4I,Hook Fish Co,Outer Sunset,37.762408,-122.506871
ChIJzTuNMZeHhYARlfmug2YpgMk,Black Bird Bookstore and Café,Outer Sunset,37.7620739,-122.5067779
ChIJHeseSZeHhYAR7AJEzJah34Q,Sea Breeze Cafe and Restaurant,Outer Sunset,37.76062390000001,-122.5045445
ChIJ0YRf_DyHhYARpsFUm7l5JQY,DAMNFINE Coffee,Outer Sunset,37.7603322,-122.5054349
ChIJ7dKcGXCHhYARaG_wY4__AHM,iTea,Outer Sunset,37.7635306,-122.4812334
ChIJS8Gg8G-HhYARDQP7gBs5esE,Wonderful Foods,Outer Sunset,37.7633039,-122.4799618
ChIJebiZPqqHhYARhG4QXLvFyC0,SK Tea,Outer Sunset,37.7634583,-122.4823786
ChIJG6hQpwWHhYAR16IZGFBaFlY,Not Latte,Outer Sunset,37.7635335,-122.4811025
ChIJvyhj4m-HhYAR0yD7xnl8gF0,Quickly,Outer Sunset,37.76352609999999,-122.4807824
ChIJVzi5Fq-HhYARCLiR70Q3pl4,1011 Sip TEA SF,Outer Sunset,37.7632697,-122.4808802
ChIJPdOt-2-HhYARfuxiok7asJg,Uncle Benny's Donut & Bagel,Outer Sunset,37.7633036,-122.4802071
ChIJO49Ph2WHhYARDyZz4_-U1Ao,Starbucks,Outer Sunset,37.76373349999999,-122.477483
ChIJJziiiG-HhYARmchx-ISV06g,Tpumps,Outer Sunset,37.7636454,-122.4786131
ChIJ7ctrNsaAhYARdwAVqJAAjlQ,Jane on Fillmore,Pacific Heights,37.7893607,-122.4341389
ChIJVSvIaJiAhYARwg6LgKkXkB0,Johnny Doughnuts,Pacific Heights,37.7889939,-122.4342256
ChIJ6ToHQMaAhYAR7_tBMydwYeA,Starbucks,Pacific Heights,37.7902212,-122.433861
ChIJY8hUOMaAhYAR8fUP3fABCnQ,Peet's Coffee,Pacific Heights,37.7896219,-122.4342358
ChIJt8-IP8aAhYAR9bsfEydLeRE,JOE & THE JUICE,Pacific Heights,37.7900853,-122.4343567
ChIJ06Hd8sWAhYARxyVxtgXyAks,Blue Bottle Coffee,Pacific Heights,37.7923343,-122.434734
ChIJO2V8HuiBhYARiMdG6ZfCN-8,ZERO& SF Fillmore,Pacific Heights,37.79054259999999,-122.4339516
ChIJuS0AbriBhYARvEPj62561V8,Terrace Cafe,Pacific Heights,37.790418,-122.43217
ChIJ2Wk0JuiAhYAR5fyrbzrzb8E,Notes From Underground,Pacific Heights,37.7974813,-122.4240285
ChIJRw5BuU2HhYARMlQkVSiSOS8,Manitas Cafe,Panhandle,37.77356,-122.45069
ChIJy3G6v02HhYARCbyydNERfos,The Sacred Grounds Cafe,Panhandle,37.7732482,-122.4508451
ChIJOwCh3E6HhYAR6XPXxTITD5U,Karma Cafe,Panhandle,37.77362609999999,-122.4478481
ChIJIYeMWK6AhYARWrloc7rm3OI,Peet's Coffee,Panhandle,37.773433,-122.438898
ChIJo-jzorR9j4ARguQLlDnPPYE,Spressa,Parkmerced,37.7179708,-122.4740931
ChIJkxcvL7B9j4ARhiY7z-F22OU,Cafe Rosso,Parkmerced,37.7228539,-122.4802905
ChIJu-m4q_x9j4ARFAZH1A3cojY,Clean Bites,Parkmerced,37.7227308,-122.4839136
ChIJmxkF-rN9j4ARuFT4xoQzDno,Station Cafe,Parkmerced,37.7215776,-122.4756154
ChIJOVmnXLF9j4AR_1RACXhp0CU,HSS 121 Cafe,Parkmerced,37.7219051,-122.4760124
ChIJp09WurF9j4ARd7i0pWCRnXU,Cafe 101,Parkmerced,37.7223268,-122.4786329
ChIJZ1qR17N9j4ARqaEXQo73t9s,Peet's Coffee,Parkmerced,37.7213768,-122.4780886
ChIJTWKrGHB9j4ARxSQFqCUSFq8,Java Beach At The Zoo,Parkside,37.7357015,-122.5029291
ChIJz0_dxOV9j4ARz5T-pfQCuU4,CHALOS,Parkside,37.74259969999999,-122.490395
ChIJp4PaExt9j4ARtPjPGHg-aiE,Foam Tea House,Parkside,37.742462,-122.4850448
ChIJGdPmy5p9j4ARMmC4U1L9LeA,Lou's Cafe,Parkside,37.74298689999999,-122.4824415
ChIJqViAr5p9j4ARDPhT48vhMR8,El Cafe,Parkside,37.7429557,-122.4812157
ChIJhSxOs5F9j4ARX32dC4vA1Ho,New Taraval Cafe,Parkside,37.74310090000001,-122.47775
ChIJgf5VE8Z9j4ARuWzNCxESc60,TEAZO,Parkside,37.74315079999999,-122.4776752
ChIJm0w5CoJ9j4ARB-5oME4f7WE,Tabita’s Cafe,Parkside,37.7428159,-122.4780167
ChIJJ1smj-h9j4ARqR_S_9tFzlc,Quarters Teahouse,Parkside,37.7427912,-122.478187
ChIJWQvRJk59j4AR04mpY4W1KfM,Little Aloha,Parkside,37.74279810000001,-122.4782463
ChIJ65MGT5B9j4ARroRKA5OoByQ,El Antigua Cafe,Parkside,37.7427876,-122.4784193
ChIJ5YsQSE19j4ARyO2pRzj_kIU,Milktopia,Parkside,37.74279629999999,-122.4785801
ChIJh9bpuXd9j4ARlVVnPoRuCVg,Ye Ye Coconut Snacks,Parkside,37.74279509999999,-122.4786188
ChIJkb3GlnF9j4ARW2YauiEgp5k,Riji Cafe,Parkside,37.74279910000001,-122.4787344
ChIJwXV8FleHhYAR5aY_TuRDQgw,Starbucks,Parnassus Heights,37.7642115,-122.4563777
ChIJKW1Q2FmHhYARA-VSVVrVPRo,Moffitt Cafe - UCSF Medical Center,Parnassus Heights,37.7633464,-122.4573282
ChIJJ0Y5z09-j4ARjWwcR9zGbQU,Precita Park Cafe & Grill,Peralta Heights,37.74703239999999,-122.4104237
ChIJn0FBIeuAhYARIWBe1QVGoZQ,Toast Eatery,Polk Gulch,37.7916046,-122.4210539
ChIJ7eG0KeqAhYARxnkXpdiy2ds,Cheese Plus,Polk Gulch,37.79518059999999,-122.42185
ChIJ0dGVvOmAhYARVr6jfkbxBHM,Peet's Coffee,Polk Gulch,37.796542,-122.422058
ChIJJfb6uumAhYARXM8xsJwxYf8,Starbucks,Polk Gulch,37.7967591,-122.4221322
ChIJr9aEvemAhYAR3gqEm5ApaBI,Teaspoon,Polk Gulch,37.7963761,-122.4220104
ChIJK_bpMpWAhYARFJfBYCunlhc,Starbucks,Polk Gulch,37.7902211,-122.4219668
ChIJW_IBIeuAhYAR6Q7lO-o516c,Moka Coffee,Polk Gulch,37.7916667,-122.4210583
ChIJEyD7VOqAhYARGRnxuHZGAkY,The Crepe House,Polk Gulch,37.793155,-122.4213512
ChIJmfgIQ-iAhYARq5osc-JybBo,Saint Frank Coffee,Polk Gulch,37.7984797,-122.4220775
ChIJDbUarumAhYAR9azGX34nQzc,Royal Ground Coffee,Polk Gulch,37.7971898,-122.4218597
ChIJX9FnLOqAhYARMWD0m8kYud4,Cafe Réveille,Polk Gulch,37.7948652,-122.4213815
ChIJt6DRmUGBhYARa1ggXAewH-c,Up4Dayz Coffee Tea & Juice,Polk Gulch,37.7933981,-122.4215339
ChIJy7X4C72BhYARe6YfRIdai3Y,Philz Coffee,Polk Gulch,37.7974242,-122.4218372
ChIJt7Cg2HqBhYARUZ4UxEucXmI,ZERO& SF Polk/Union,Polk Gulch,37.7987188,-122.4221025
ChIJJ3tIspSAhYAR-Uzxpdu0DQk,Mymy,Polk Gulch,37.7909126,-122.4192199
ChIJsZFC6oOBhYAR62ecBiO_5DE,Souvenir Coffee Co.,Polk Gulch,37.7910837,-122.4192648
ChIJ_7Jh5VWBhYAR0tq-pIa1YBQ,Flower Cafe,Polk Gulch,37.790998,-122.4192735
ChIJJ3Dj-eJ-j4ARaEwwwDFkeSA,Hong Kong BBQ Restaurant,Portola,37.727085,-122.40371
ChIJG8yJ3OF-j4ARHZrb5VtYAwY,Queens Louisana Poboy Cafe,Portola,37.723479,-122.4021052
ChIJczjC4_x_j4ARj-CwFcELlEo,Danny's Coffee Shop,Portola,37.7264749,-122.4033885
ChIJ7xPtXuJ-j4ARcKA14bBz1Xo,Panda Boba,Portola,37.726872,-122.4030846
ChIJPy6T7pp_j4ARdRfi9XTQNzY,Hi Tea,Portola,37.7290727,-122.4039969
ChIJRTSapmZ_j4ARENjJCMfdDAM,Hey Neighbor Cafe,Portola,37.729072,-122.4037867
ChIJHUzg2Px-j4ARQRbnV7YQs34,Five Degree Tea House,Portola,37.7298489,-122.4043913
ChIJXfU72Px-j4ARpivUwCqrGh4,Tea Plus,Portola,37.72971039999999,-122.4043621
ChIJN8XJ5kV_j4ARXTajDGEdHNE,Lucky Coffee,Potrero Hill,37.75538,-122.4047554
ChIJUa0E0Et-j4AREbLOD8AYRMo,Luna's Coffee House,Potrero Hill,37.754204,-122.406268
ChIJ5W7237Z_j4ARP4cGKK6fpQU,La Stazione Coffee + Cannoli,Potrero Hill,37.7575267,-122.3929337
ChIJm7FFdl5_j4ARtdFm_ImBWT8,reception,Potrero Hill,37.7575135,-122.3947742
ChIJ1ViS3cN_j4ARA39iHlaz3Yk,Ikon Coffee,Potrero Hill,37.7577184,-122.3942877
ChIJlala7zJ-j4ARr7IvjBBlYlo,Starbucks,Potrero Hill,37.765822,-122.403488
ChIJI0-pzMx_j4ARxwxrIHSXl6E,Philz Coffee,Potrero Hill,37.7647492,-122.4012374
ChIJcYHVeW1_j4ARQIZZAvBhEKA,Cafe Da Fonk!,Potrero Hill,37.7657768,-122.402083
ChIJOZbx6sx_j4ARUrweGXVTAyI,La Lucha Coffee Bar,Potrero Hill,37.7651172,-122.3998873
ChIJH3jZqEJ_j4ARWXLxlXdgqw0,Magic Donuts & Coffee,Potrero Hill,37.7635573,-122.3999608
ChIJ8wEOK8p_j4ARkcmZrEfPDHU,Farley's Coffeehouse,Potrero Hill,37.76247179999999,-122.3959956
ChIJrxlUYsx_j4AR9M4WpW24j5o,JB's Place,Potrero Hill,37.764907,-122.3984105
ChIJ_e_mC2B_j4ARHJS5QQaIqnk,Linea Coffee Roasting + Caffe,Potrero Hill,37.7638051,-122.3952279
ChIJvVGoPdl_j4ARaU2bUbwuJHU,Cracked & Battered,Potrero Hill,37.76267259999999,-122.3973245
ChIJuZ3jXjCHhYAR3nvlxHCNoO4,Picnix Bistro & Carry Out,Presidio Heights,37.7871122,-122.4563727
ChIJ4XMwWeqHhYARYiBhb_vJoNU,Barista,Presidio Heights,37.7880713,-122.4472697
ChIJEedS6TyHhYARNS8APPzQUDY,Ashley's Cafe,Presidio Terrace,37.7850389,-122.4655139
ChIJN8P58ASHhYARj-K44dMo1zQ,Equator Coffees,Presidio of San Francisco,37.8077856,-122.4756604
ChIJiWZ1V9SHhYARNsQiUPbbh-o,Round House Cafe,Presidio of San Francisco,37.8078192,-122.4755824
ChIJ4ykYANaGhYARkYsI0ZOenug,Cafe RX,Presidio of San Francisco,37.8002778,-122.4519444
ChIJ73_h3UN-hYARDx9PwjyUNxI,Caffe Duetto,Produce Market,37.748668,-122.4031672
ChIJ4dHj5AeBhYARdfM3K6NICtg,The Happy Vegan,Produce Market,37.7431855,-122.4048329
ChIJa7sibnyAhYARPRF5sHIF8VQ,Fearless Coffee,Rincon Hill,37.785205,-122.395468
ChIJo5BhdXyAhYARXAqHTyTfYYM,Lee's Deli,Rincon Hill,37.785367,-122.395899
ChIJe0YgbeiAhYAR5olhEmlulE4,The New Spot On Polk,Russian Hill,37.7989333,-122.4225306
ChIJs8i5N_KAhYARZvBUagii3hY,Enter The Cafe,Russian Hill,37.7975607,-122.4104948
ChIJrVxyFqqBhYARsFQjQNhEx7g,Yomie's Rice X Yogurt | North Beach,Russian Hill,37.79759699999999,-122.4105071
ChIJW7_g---AhYARAYOeLDDR16E,Beacon Coffee & Pantry,Russian Hill,37.8022222,-122.4133973
ChIJpc5CI_CAhYARtsthF0j0r3k,Graffeo Coffee Roasting Co.,Russian Hill,37.8014506,-122.412091
ChIJcd9DXeWAhYAR8dES4Y6pBt4,901 Columbus,Russian Hill,37.8028328,-122.4141211
ChIJmbdcO7qBhYARNWxibi3Npro,Fiddle Fig Cafe & Coffee,Russian Hill,37.8028856,-122.4145614
ChIJfXSQufGAhYARuhXtXXfKYSo,Serendipia Life - Community Coliving & Coworking for Startups and Digital Nomads.,Russian Hill,37.7999374,-122.4111937
ChIJuT8zOMx_j4ARhxpaSG8VGrk,Boba Guys Potrero,Showplace Square,37.7666454,-122.3971807
ChIJvcyi5Cx-j4ARL75GdgHtkm4,Starbucks,Showplace Square,37.77023219999999,-122.4033968
ChIJ63pteK1_j4ARPGYUr8cn6qo,Peet's Coffee,Showplace Square,37.7713697,-122.4050888
ChIJl1tl8Rp_j4ARnOzSekt6rFY,Roadhouse Coffee Shop,Silver Terrace,37.7320934,-122.3918879
ChIJ4W0YsASBhYAR3_Mx5JOvdhU,Cotonou,SoMa,37.7749295,-122.4194155
ChIJW1LVKQCBhYARRAeOMpDXv1o,Restaurant el paisa,SoMa,37.7749295,-122.4194155
ChIJB461aQCBhYAR244ppphlX6A,In.Tea.Mate Milktea Station Pulila,SoMa,37.7749295,-122.4194155
ChIJEdGJjp6AhYARqsH92DDx9WM,Panificadora Mercadinho E Lanchonete Fênix,SoMa,37.7748673,-122.4193928
ChIJt_FNK5WBhYAR2cimSSNXWrY,Cafe Fontenebleau,SoMa,37.7742812,-122.4187769
ChIJc_iInSh-j4ARUkdU9Rr5lFI,DNA Lounge,SoMa,37.7711099,-122.4127726
ChIJwWFeq52AhYARTvqup77A3MQ,Cumaica: Artesanos del Cafe,SoMa,37.77550999999999,-122.415915
ChIJw9P0rZ2AhYARlZWilcHQE3Y,Peet's Coffee,SoMa,37.775284,-122.41619
ChIJg1s92Sd-j4ARTKJr-IhF_-Q,Sextant Coffee Roasters,SoMa,37.7724716,-122.4129614
ChIJXZc0HJyAhYAR1O96nCqTohw,Little Griddle @ Dough,SoMa,37.7757356,-122.4182346
ChIJxfJwMiZ-j4AREO4gBi8PruE,Garage Cafe,SoMa,37.7713651,-122.4136182
ChIJPayRJyZ-j4ARzun3kcFYB_k,DNA Pizza,SoMa,37.7711576,-122.4127272
ChIJY64--5yAhYARIewc1xhXFCQ,Allstar Donuts & Sandwich,SoMa,37.7762383,-122.4149825
ChIJG_bIJih-j4ARxqBUWrFtz-c,Cafe Suspiro,SoMa,37.7745325,-122.4109518
ChIJJ5-Q_JyAhYAR_xPVQqCV3f8,All Star Cafe,SoMa,37.7762092,-122.4151967
ChIJAQDAM5yAhYARcTPJj6jdUhc,Daily Grind Cafe,SoMa,37.775316,-122.4174374
ChIJKdw1tp-BhYARMqKmY0DXJUs,SimplexiTea,SoMa,37.77596469999999,-122.4171064
ChIJ7x396Xl_j4AR7lJqzcoxqKU,Lilikoi Boba and Cafe,SoMa,37.77662619999999,-122.4166599
ChIJYwUn5Z2AhYARUbqNBzDqHbU,Grandma’s Deli & Cafe,SoMa,37.7733733,-122.4179897
ChIJHQQJrNp_j4ARgVd-iTzPfnA,Dento Piano Cafe and Bar,SoMa,37.77327949999999,-122.4120148
ChIJR6WrbJyAhYARsl4XPO0XXkQ,The Market Cafe,SoMa,37.7767,-122.4169606
ChIJ1VGyjmCBhYAR_pOL0q5shVs,Blue Bottle Coffee,SoMa,37.7739033,-122.4186044
ChIJf-V9OIKAhYARu8bBG2S6RME,Sightglass Coffee,SoMa,37.7770356,-122.4084543
ChIJJTqnmmx_j4ARY4Gi004ITPc,Social Cafe,SoMa,37.7759975,-122.4029949
ChIJmRBAGYh_j4ARuOFprBGKIxI,Telescope Coffee,SoMa,37.7780998,-122.404845
ChIJVVWVwdV_j4ARfKtWxohwN6I,The Point,SoMa,37.7777551,-122.3969054
ChIJ9frIkIaAhYARmxqqO27LnVg,Java Trading Co.,SoMa,37.7823135,-122.4063128
ChIJY0EnjzaBhYARVDEBQc2PdKM,"Trellis Coworking, Events, Cafe & Bar",SoMa,37.7812014,-122.4081011
ChIJZ1SOyBSBhYARFxr5O_MmUGQ,DACHA Cafe and Bar,SoMa,37.7812014,-122.4081011
ChIJy31KyT2BhYARgIBr-NJpBpo,Mr. East Kitchen,SoMa,37.7804277,-122.4038582
ChIJ75Yw0XGBhYARHd1rXnX_45A,Chico's Cafe,SoMa,37.7805991,-122.4080245
ChIJF_paIXuAhYARO8nSqGWwaLo,Philz Coffee,SoMa,37.7887165,-122.3930915
ChIJ10vDS0iBhYARDQdctYV9Cow,Radiator coffee salon,SoMa,37.785777,-122.3967282
ChIJ2SBu73yAhYARA5oCBioYX2c,Chatz Coffee Shop,SoMa,37.7866347,-122.3977817
ChIJgyr7DbqBhYARZEYv_1pNv7g,Vita Cafe,SoMa,37.7878287,-122.3965293
ChIJgT4dBtKBhYAR_Qk4bfAGjLc,Arthur M Faught,SoMa,37.7880448,-122.3939606
ChIJ3aSP7TWBhYAR_T9qhnREekA,Bluestone Lane Avery Café,SoMa,37.7880448,-122.3939606
ChIJs49MTXuAhYARsbPUjsk0NsY,Prima Cafe,SoMa,37.7891381,-122.3946353
ChIJmYadD4WBhYARw4rizMM1MnM,EcoSystem Cafe,SoMa,37.7879716,-122.3972152
ChIJG5Z89LKBhYARXvxHSDaER_E,Starbucks,SoMa,37.788417,-122.393662
ChIJxb5-oueBhYARM8tc7pjdFgM,Cafe mademoiselle,SoMa,37.7886088,-122.3953756
ChIJuR0tbgyBhYAR3CvPhEAqfZw,Philz Coffee,SoMa,37.7879649,-122.3986527
ChIJ5QNb7wmBhYARKQ0X51E2U58,Happy Lemon,SoMa,37.78807579999999,-122.3984825
ChIJ_wtkymSAhYARSmqt4yJJHX8,JOE & THE JUICE,SoMa,37.7896677,-122.3942437
ChIJZTx2MVOBhYARcUzH3cTQN7I,Andytown Coffee Roasters,SoMa,37.7897426,-122.3953098
ChIJ-XJGJGeAhYAR__iKMkNXmuo,Starbucks,SoMa,37.7895085,-122.3974736
ChIJN8uMPyx_j4ARxqlVc1-5AFI,EA Cafe,South Beach,37.7785665,-122.3921625
ChIJa4tL_niAhYARQsVEo2ROicI,Blue Bottle Coffee,South Beach,37.7824756,-122.3931157
ChIJiRaLtHmAhYARlhDlED1oZVc,Steep Creamery & Tea,South Beach,37.7826306,-122.3913361
ChIJH7jYhnOBhYARA5rBhXZa1OI,The Velvet Raven,South Beach,37.7809045,-122.394228
ChIJ20Ta-TmBhYAR0sHU-G-fzs8,Golden Goat Coffee,South Beach,37.7804645,-122.3944754
ChIJRdtRynaAhYARagrKDgRYYHM,Red's Java House,South Beach,37.7872065,-122.3874201
ChIJI6TD33eAhYARa7T3EGqJppg,South Beach Cafe,South Beach,37.7816664,-122.3885787
ChIJmd8KJOB_j4ARLAyIfuRTslo,Keiko's Coffee Shop,St. Marys Park,37.7348969,-122.4255561
ChIJBfwwG7p9j4ARGWcviORERH0,McDonald's,Stonestown,37.7265804,-122.4765283
ChIJp1VVVal9j4ARgn8b-yjrdg8,Peet's Coffee,Stonestown,37.727715,-122.476555
ChIJIRYsT7p9j4ARgz_6HeS6CU4,Quickly,Stonestown,37.72780239999999,-122.4768074
ChIJU0YpQbp9j4ARWPb1n1LiOUo,Starbucks,Stonestown,37.727889,-122.476708
ChIJgRMkl7J9j4AR56BoZtmqiME,Gram Cafe & Pancakes San Francisco,Stonestown,37.7270581,-122.4771135
ChIJ5ZbmTbp9j4ARmhA0RACB-fQ,TFM,Stonestown,37.72765920000001,-122.4770642
ChIJ8Qg_c019j4ARr2zZXCb-uOA,Wanpo Tea Shop,Stonestown,37.7277303,-122.4769749
ChIJmWkNmqB9j4ARcczKyF6Aus8,Artly Coffee @ Stonestown Galleria,Stonestown,37.72788329999999,-122.476707
ChIJZeX5EtJ9j4ARAad1S6sbJpk,Reborn Coffee,Stonestown,37.7278973,-122.4770498
ChIJP3rVz5F9j4ARy7KWj4pLL48,SplashFruits (Stonestown),Stonestown,37.7279459,-122.4769924
ChIJ4alvKx99j4ARdIe9njz1tTA,Jarvis,Stonestown,37.7280708,-122.476979
ChIJQdtHC9p9j4ARQTftodaAkQE,Shake Sum Cafe San Francisco,Stonestown,37.7298106,-122.4762665
ChIJG-S5MSt8j4ARlE2LdQ-kEF4,City Cafe,Sunnyside,37.7240458,-122.4503668
ChIJr-MbJ9d9j4ARmdvj-wO9RPI,Railroad Expresso,Sunnyside,37.7313736,-122.4514911
ChIJkYkP6lmHhYARp2AQnmm7Xj0,Caffe Central,Sunset District,37.76342959999999,-122.4590498
ChIJuRs3YleHhYARJfK4y0XBJxg,Café Bellini,Sunset District,37.763538,-122.4586133
ChIJszD3UJqBhYARxnLzStntlZQ,Coit Tower Cafe,Telegraph Hill,37.802673,-122.4061735
ChIJp7zuhO6BhYARUiSTInSJWl8,Salty's,Tenderloin,37.7824536,-122.4204318
ChIJ-ZsBqI-AhYARX_TKPXYNitQ,Mason O'Farrell Garage,Tenderloin,37.78651320000001,-122.4101161
ChIJAXz2hpCAhYARglSWLEiRrvY,Mộng Thu Cafe,Tenderloin,37.7832485,-122.4156678
ChIJM45IHJCAhYAR6fWfAqv34L8,Cafecito,Tenderloin,37.7849532,-122.4130834
ChIJdYTCk4-AhYARHNQMNMRCV-g,Happy Donuts,Tenderloin,37.7849479,-122.4109916
ChIJQy1-4tKBhYARsa2rBcHZ5Tw,Stu's kitchen,Tenderloin,37.78358469999999,-122.4144543
ChIJ22VRH5CAhYARu8K2qDt_cKw,Vietnamese Sandwiches & Coffee,Tenderloin,37.7847037,-122.4130377
ChIJh10OvJGAhYAR3PXa3UKPE5A,Scullery,Tenderloin,37.7864234,-122.4146075
ChIJ3dFbHj6BhYAR2P5L60U7GjU,DA HOT SPOT CAFE,Tenderloin,37.7828752,-122.4125465
ChIJP3BkbhWBhYARthx5NASt5DE,SF OrganiCA,Tenderloin,37.7825899,-122.4171644
ChIJ_wdvRIqBhYAR6GjjTwAK8gI,DeliShack,Tenderloin,37.78222299999999,-122.4171276
ChIJ650i56OBhYAR0BoTycy98Ho,La Paloma Bar & Cafe,Tenderloin,37.7817048,-122.4160085
ChIJj-wfxYyBhYAR7Ej6fs3gBqk,Fluid Coffee and Events,Tenderloin,37.7817048,-122.4160085
ChIJK1rGxo-AhYAR3Hfu3eV6hvg,Tilden Café,Tenderloin,37.7856663,-122.4114276
ChIJDWnrbJqAhYARK_l1cUebGik,Jugos Naturales,Tenderloin,37.78159480000001,-122.4168881
ChIJNyl3y-CBhYARt0-D46tsKmc,Herb and kitchen,Tenderloin,37.7860129,-122.4108621
ChIJATrloWeBhYAR6r3igucFryg,Unexpected Era Café,Tenderloin,37.78246869999999,-122.4189151
ChIJGfmdVQKBhYARQboVbDOiah8,Fredericks,Tenderloin,37.7867968,-122.4111502
ChIJ0zcEYYKBhYARWg72Np6rz14,Black Sugar - Boba Bar,Tenderloin,37.7862871,-122.4101896
ChIJP1S0Qu6BhYARgqxeyR3u2ao,Ice N Tea,Tenderloin,37.7826427,-122.4101903
ChIJTbffeJCBhYARoW12etTlaYM,Alfred Coffee,Tenderloin,37.7832347,-122.4096457
ChIJ7YcCQ5CBhYAR38dh__qw0Cg,Cafe 22,Tenderloin,37.7866263,-122.4099191
ChIJcfQ5MRp-j4ARn3eA9EH16OA,Philz Coffee,The Castro,37.7601074,-122.434792
ChIJJ6NYXBx-j4ARM6C1C7UWIkY,Peet's Coffee,The Castro,37.7648035,-122.4318792
ChIJ4QCJMBt-j4AR-rbE4s78dcg,Starbucks,The Castro,37.761019,-122.434666
ChIJpyuHNRt-j4ARi-WLHR3Fsto,Blush! Wine Bar,The Castro,37.7613261,-122.4353156
ChIJc5xaRRt-j4ARPhLIzF_ThoE,Castro Coffee Company,The Castro,37.76211049999999,-122.4349405
ChIJWVcw0Rp-j4ARbOt3bk2q1C4,Castro Tarts,The Castro,37.7599064,-122.4351365
ChIJVxhdqhx-j4AR6J2KZ0l_QGw,The Cove on Castro,The Castro,37.7618867,-122.4353323
ChIJPWoYgzd_j4AR7PrwT99dxNc,Cafe de Casa,The Castro,37.76233850000001,-122.4348101
ChIJwSqPX1p_j4ARZsZysmSDIXo,Poesia Cafe,The Castro,37.7610934,-122.4344138
ChIJg6dDmTB_j4ARdtwYwbxBr0E,Sisters Coffee Shop,The Castro,37.7606711,-122.4351542
ChIJ__8mHRt-j4ARmBNdl7rIRr4,Qualitea (San Francisco Location),The Castro,37.760814,-122.4333314
ChIJ8bB-Prh_j4ARJyGO1qgShzw,The Cozy Tea & Dance Society,Twin Peaks,37.749736,-122.4455295
ChIJWzpoEFqBhYAR-aJMm4sGrMc,Union Square Pizza & Kitchen,Union Square,37.78638840000001,-122.4094996
ChIJP4XqxHaBhYARyv4l-nqkDIo,Mellis cafe,Union Square,37.7855163,-122.4089138
ChIJC4bkD4-AhYARLFndAQVJRGQ,Gong Cha,Union Square,37.78650339999999,-122.409232
ChIJ2QAWz4iAhYARhwcyOa3aaoQ,The Rotunda,Union Square,37.78741399999999,-122.4061801
ChIJoTY0z4iAhYARgUIqpyDr3BY,The Freshmarket,Union Square,37.7874778,-122.4064443
ChIJQY5OU4iAhYAR0V7nsQ6k_Mw,Capital One Café,Union Square,37.788722,-122.403917
ChIJ04Axl-OAhYARWD7lhhEpVZ0,Starbucks,Union Square,37.7867268,-122.4084109
ChIJ7f1J9IWAhYARYpu-GWqW2J8,The Turn Cafe,Union Square,37.784885,-122.4081488
ChIJ3aKMWoiAhYARmNLc2TR11L0,Asha Tea House,Union Square,37.7881702,-122.4037073
ChIJ96HYr4-AhYARIpeOo-wEFEE,Starbucks,Union Square,37.7868822,-122.407329
ChIJrbBwiYiAhYARU_nV7pI9VXU,Cafe Dolci,Union Square,37.78709989999999,-122.4045005
ChIJz_ZVloiAhYARHOQrbDnn5Us,Panini Coffee Patries,Union Square,37.7866417,-122.4054602
ChIJ_WelWTOBhYAR2FyBA06WU0Y,Union Square- Little Sweet,Union Square,37.78659380000001,-122.4059587
ChIJxZ4N6KCBhYARUmfN2X_GbPw,Turn Café - Little Sweet,Union Square,37.78489460000001,-122.4078866
ChIJTebs7YWAhYARum8zCZd1gao,Cable Car CoffeeSF,Union Square,37.7843536,-122.4080157
ChIJO4z2So-AhYARIJ9Y5RRTcQ0,Caffe Central,Union Square,37.78641779999999,-122.4073043
ChIJT30d-KqBhYARbSoDHigTWaE,Daniela Cafe,Union Square,37.7871878,-122.4078509
ChIJj4IMQYuBhYARnIs3qDEeh0Q,Yaseen Senu,Union Square,37.787194,-122.408075
ChIJk-_jVoiAhYAR2QAUEQrwlf8,Iron Horse Coffee Shop,Union Square,37.7883185,-122.404011
ChIJA1BDnb6BhYARUVaXFGWl8AA,Dunkin,Union Square,37.7881489,-122.4028386
ChIJtbejTGyBhYARAI0Xn50MXQg,CoCo Fresh Tea & Juice - Downtown SF,Union Square,37.7884663,-122.4028561
ChIJp_oL3C6BhYARrOTnM30SIfQ,Dunkin,Union Square,37.788644,-122.407195
ChIJx8adtY6AhYARIjCF8C9cfdU,Hyatt Coffee Bar,Union Square,37.78896659999999,-122.4072705
ChIJbyl6womAhYARGbxBtbBkfPY,Coffee Bar Montgomery,Union Square,37.7905611,-122.4024694
ChIJkYFhaImAhYARWX9I0O6JqaQ,Starbucks,Union Square,37.7904076,-122.4057989
ChIJieJtgomAhYARFQ4sYhDcNTI,Working Girls' Cafe,Union Square,37.7906354,-122.4041845
ChIJj59sltB_j4ARhSZ6rQ4tKKU,Cento Coffee Systeme D,Union Square,37.7900682,-122.4029248
ChIJoz6LuYmAhYARU2Hqbqpmo9w,Julie's Kitchen,Union Square,37.78981539999999,-122.4029848
ChIJDbCSio6AhYARnhfyf6t5rus,Cafe Encore,Union Square,37.7882259,-122.4097245
ChIJAetNP-GBhYAR-igMM1d3DUU,Cafe La Tazita,Union Square,37.78826249999999,-122.4095889
ChIJ3da1WXCBhYAR7ye5adJwtqk,Bluestone Lane Theatre District Coffee Shop,Union Square,37.7892025,-122.4098192
ChIJRagBt46AhYARJim-yIO5cyo,McDonald's,Union Square,37.789217,-122.407641
ChIJO0psvY6AhYARW4wjPcTZcdM,Starbucks,Union Square,37.789146,-122.408456
ChIJJeHer46AhYAR9LikMlCe1ug,Sutter Street Cafe,Union Square,37.78965240000001,-122.4079043
ChIJuUGLS4mAhYAR1g0mGcIy8fk,Starbucks,Union Square,37.789348,-122.406831
ChIJ6_Liqo6AhYARn5SBW6T07aM,Boba Guys Union Square,Union Square,37.7899533,-122.4072915
ChIJ6UlaVhmBhYAR4dfFLKotLGk,Glazier Rolled Ice Cream & Boba Tea,Union Square,37.7895091,-122.4073565
ChIJZ3xXhESBhYARN6u-2XKR-SA,Nancy Steele Coffee shop,Union Square,37.7899027,-122.4066505
ChIJK0gZUCeBhYAR5LVP4FGZnQ4,Amorino Gelato - San Fransisco,Union Square,37.7902836,-122.4054164
ChIJXz0IzbmBhYARGfrDVlDfSGo,Yokee Milk Tea,Union Square,37.7905266,-122.4042567
ChIJkTp9BlSBhYARQ4Ac1T2twbk,Blue Bottle Coffee,Union Square,37.7897159,-122.4036692
ChIJjaO6tImAhYAR5qLOf3E3HD8,La Luna Cupcakes,Union Square,37.7897351,-122.4030197
ChIJLwVM3gqBhYAR7rW9xNBmFgw,Barry's Fuel Bar,Union Square,37.79059489999999,-122.4030662
ChIJB6NAwYmAhYARliOQpHRxzkE,Caffe Ambrosia,Union Square,37.79043409999999,-122.4025256
ChIJ_2mTn9qAhYAR6Upoqz_I5Q0,Union Street Coffee Roastery,Union Street,37.797,-122.4353333
ChIJYXn3mdCAhYAR97Hkb3wD660,Balboa Cafe,Union Street,37.7988162,-122.4361023
ChIJy3_5ONuAhYARlKgaknpqI0k,Perry's on Union,Union Street,37.7977801,-122.4313166
ChIJE2g1gNCAhYARF_--nuW3E58,Rapha San Francisco,Union Street,37.7981468,-122.4355866
ChIJS0zlUduAhYARCMKH0koWRQ0,Starbucks,Union Street,37.79764400000001,-122.430395
ChIJ5-YJa9CAhYARotrWtgywaAE,Wrecking Ball Coffee Roasters,Union Street,37.7968015,-122.4366404
ChIJk1ouQ9CAhYARMTJs_oaxhFQ,Rose's Cafe,Union Street,37.7970494,-122.4370587
ChIJLeGcQ9CAhYAR9WfvtgxAnJ8,Marina Submarine,Union Street,37.7968003,-122.4370004
ChIJU4Lu5xSHj4ARCL7AdvhU6oU,Red Bay Coffee,Union Street,37.79790249999999,-122.4353553
ChIJreNMSTuBhYARAq4SKlfuFEY,Café Cantata,Union Street,37.7976449,-122.4329885
ChIJrUViOfyBhYARk7Idf_evp48,Lilikoi,Union Street,37.7984419,-122.4355724
ChIJX5krlNqAhYAR-D2T-7XPvzs,The Epicurean Trader,Union Street,37.79758029999999,-122.4309186
ChIJ35VhTMOAhYARAuP6UgSBS5Q,Avotoasty,Union Street,37.79818390000001,-122.428801
ChIJj1EaYTiBhYARVClS372QSHM,Kopiku Indonesian Coffee,Union Street,37.8008837,-122.4253407
ChIJ-fHss-d_j4ARdsiNQXut09U,Mission Blue,Visitacion Valley,37.7124026,-122.4062648
ChIJGWb77Md_j4AR3jhb3kq4-3M,Creative Ideas Café - Colombian | Mexican Eats,Visitacion Valley,37.7118078,-122.4048045
ChIJM-mE0QF_j4ARCmZaW0CcXJk,La Joya Cafe,Visitacion Valley,37.71159559999999,-122.4042725
ChIJocaHuc19j4AR_eVios_llO0,Java on Ocean,West of Twin Peaks,37.7249223,-122.4601271
ChIJwcztMdN9j4AR6AhRdPvXpQo,Philz Coffee,West of Twin Peaks,37.7234739,-122.4535697
ChIJyfKYvK59j4AR3SINJJjvCpo,WFM Coffee Bar,West of Twin Peaks,37.7237668,-122.455053
ChIJ0UHnsTp9j4ARr3rUsAzl3Co,Acai R,West of Twin Peaks,37.7235498,-122.4538296
ChIJcyMDe4F9j4ARbG7ou5NkCxE,Dots,West of Twin Peaks,37.72427760000001,-122.4570186
ChIJj_aLrLR9j4ARb96_D8gkSgs,dmaize cafe,West of Twin Peaks,37.7250568,-122.4530047
ChIJ7ViuNXF9j4ARk2hgbCnTgqs,I Love Pupusas,West of Twin Peaks,37.7253481,-122.4528629
ChIJq3wDuyN9j4AR74v2aRd0Un0,Purtea,West of Twin Peaks,37.7244593,-122.4576936
ChIJW3irPuF9j4ARDj-Ri3pVR_w,Sweet Cupz,West of Twin Peaks,37.7244361,-122.4580342
ChIJm_O5AMB9j4ARtJO87mNjhic,Ballast Coffee,West of Twin Peaks,37.73747659999999,-122.4694111
ChIJkZc62lB9j4ART9q5APXCNpk,Bevery cafe,West of Twin Peaks,37.737683,-122.4689237
ChIJP5B_Rep9j4ARuOIyGXI3NsU,Squat & Gobble Café,West of Twin Peaks,37.740665,-122.4656665
ChIJgw749-p9j4ARfy63JpFSVGk,Peet's Coffee,West of Twin Peaks,37.740337,-122.466617
ChIJaa96Vup9j4ARldDj3cZVJ-M,Noe Valley Bakery West Portal,West of Twin Peaks,37.7406313,-122.466404
ChIJraGpLLKAhYARsWqJ-sBBQhM,Matching Half,Western Addition,37.7772762,-122.4414404
ChIJ56sN2dqBhYARq-8e2j3-6ks,Bobahead,Western Addition,37.7760678,-122.4460523
ChIJ7W7BzLuAhYARXfF75-6UmfY,Fillmore Street Cafe,Western Addition,37.7815517,-122.4325331
ChIJXdpQn7mAhYARtrpt_0XIw3o,Starbucks,Western Addition,37.7834842,-122.4330066
ChIJcwYQZLmAhYARUHCQVm0kLgw,Starbucks,Western Addition,37.782755,-122.431519
ChIJiZyN7IeAhYARnCn-G6GH73Q,The Grove - Yerba Buena,Yerba Buena,37.78654239999999,-122.4019862
ChIJrZxI34WAhYARLlHHWVCHXa4,Starbucks,Yerba Buena,37.7840744,-122.4073725
ChIJKye2O32AhYARG37tXAsOj7Q,Cafe Madeleine,Yerba Buena,37.7869772,-122.3997395
ChIJ6WBDWoaAhYARbkF4Dsf08WI,Starbucks,Yerba Buena,37.78395570000001,-122.4044015
ChIJzbJSSH2AhYAROGCpM1aa_sU,Working Girls' Cafe,Yerba Buena,37.7870236,-122.4002386
ChIJG4Vk94aAhYARW1c7p94uX84,ICICLES,Yerba Buena,37.7837076,-122.4050182
ChIJJSqlCYeAhYAReD302mSW-1g,Sharetea,Yerba Buena,37.7845775,-122.403374
ChIJT7FdmYiAhYAROFOvrIxRJDU,Peet's Coffee,Yerba Buena,37.78601500000001,-122.405093
ChIJhQKhFIiAhYAR2WejMENujzs,Bluestone Lane Union Square Coffee Shop,Yerba Buena,37.78781250000001,-122.4029131
ChIJQQwisoeAhYARttscHlSNWzA,Starbucks,Yerba Buena,37.78440399999999,-122.4038104
ChIJse1qsn-BhYAR1o8RBpnwr4M,ZERO& Westfield San Francisco Centre,Yerba Buena,37.7839767,-122.4054904
ChIJFRWTU4iAhYARW_fQvzJtOao,ENOUGH TEA AND COFFEE,Yerba Buena,37.7849439,-122.4058089
ChIJhzSeC_aBhYARpG-1wUum07U,Pink Pink Tea Shoppe,Yerba Buena,37.7841866,-122.4059286
ChIJd1cuhceBhYAR3vFpFnGUfkU,La Société Bar & Café,Yerba Buena,37.7865871,-122.4030965
ChIJ4xOZTZKBhYARUJEVtLq6msQ,Blue Bottle Coffee,Yerba Buena,37.78712799999999,-122.4036425
ChIJ57V0F-iBhYAREpQhurF1JMA,Bean Bar Cafe,Yerba Buena,37.7824838,-122.4019979
ChIJNyYxZH2AhYARbe-xhK7K_z8,Cafe 5,Yerba Buena,37.7859072,-122.4008003
ChIJ6RG1b36BhYARsBJ31_jILMQ,SFMOMA Steps Coffee,Yerba Buena,37.7858686,-122.400667
ChIJQXJaefuBhYARN_uHti0TXao,Outset Coffee - Financial District,Yerba Buena,37.787522,-122.4008166
ChIJ-4IyM2OBhYARv5mXa1iLa8U,Sana’a cafe,Yerba Buena,37.7867194,-122.3993314
ChIJgXCr_HyAhYARwuh0KYbwaMc,Equator Coffees,Yerba Buena,37.78657329999999,-122.398288
ChIJHWYBIH2AhYARkLsQQGWQQR8,Soma Eats,Yerba Buena,37.7868407,-122.3986177
ChIJhwSxnH6AhYAR6_sYQNRHt2U,Cafe du Soleil,Yerba Buena,37.7832838,-122.3979155
ChIJKyGeO8uBhYARGBl0pZptD8c,Blue Bottle Coffee,Yerba Buena,37.7870063,-122.3988975
ChIJo4KWMX2AhYARWaFbtenR8Hk,Red Door Coffee,Yerba Buena,37.78745079999999,-122.3993169
ChIJp2UYiWKAhYARCE-kVi9xXUI,McDonald's,Yerba Buena,37.7889468,-122.4014844
ChIJs-IOI3aBhYARDGHCmBH6Lbk,mao catfe,Yerba Buena Island,37.810875,-122.364237
